pos_izq,pos_der,vel_izq,vel_der,yaw,error_traj,delta_v,dist_restante,reward,done
-3,-6,0,0,-1,0,-0.103481,0.555,0,0
-3,-6,0,0,-1,0,-0.103481,0.555,0,0
-3,-6,0,0,-1,0,-0.103481,0.555,0,0
-3,-6,0,0,-1,0,-0.103481,0.555,0,0
-4,-7,-118,-158,-1,0,4.73211,0.555,0,0
-21,-25,-239,-236,0,0,-0.318984,0.552,0,0
-32,-35,-289,-296,0,0,1.25484,0.552,0,0
-52,-55,-289,-294,1,0,1.87686,0.522,0,0
-65,-67,-265,-248,1,0,-1.41693,0.522,0,0
-85,-88,-250,-258,1,0,3.10109,0.484,0,0
-105,-113,-253,-258,1,0,6.21565,0.484,0,0
-123,-128,-257,-256,1,0,8.62659,0.468,0,0
107,104,-256,-262,1,0,0.909993,0.468,0,0
91,88,-252,-263,1,0,2.01858,0.453,0,0
71,64,-244,-277,1,0,4.1595,0.453,0,0
57,48,-247,-269,1,0,3.61311,0.417,0,0
45,36,-242,-262,0,0,2.88951,0.417,0,0
34,24,-242,-266,0,0,3.39354,0.404,0,0
21,8,-248,-262,0,0,2.10762,0.404,0,0
7,-6,-251,-264,-1,0,1.27591,0.387,0,0
-7,-19,-253,-264,-1,0,1.32117,0.387,0,0
-20,-32,-257,-267,-1,0,1.18918,0.387,0,0
-31,-44,-260,-267,-1,0,0.855491,0.373,0,0
-42,-55,-255,-263,-1,0,1.11086,0.373,0,0
-57,-71,-252,-259,-1,0,1.12535,0.359,0,0
-67,-83,-249,-258,-2,0,0.65341,0.359,0,0
-85,-100,-245,-260,-2,0,1.33769,0.341,0,0
-99,-115,-247,-259,-2,0,3.42836,0.341,0,0
-107,-124,-255,-264,-2,0,4.18589,0.341,0,0
-128,111,-255,-259,-2,0,12.6867,0.324,0,0
117,96,-247,-271,-2,0,1.21901,0.324,0,0
97,77,-240,-270,-2,0,2.12541,0.31,0,0
85,66,-248,-263,-2,0,1.16821,0.31,0,0
68,46,-246,-267,-3,0,1.34113,0.289,0,0
57,35,-251,-267,-3,0,0.982126,0.289,0,0
45,17,-252,-264,-3,0,0.336218,0.277,0,0
24,0,-249,-262,-3,0,0.0775696,0.277,0,0
7,-18,-252,-256,-3,0,-1.26091,0.254,0,0
-3,-28,-254,-264,-3,0,-0.224989,0.254,0,0
-17,-44,-257,-250,-4,0,-3.21715,0.275,0,0
-35,-60,-262,-254,-4,0,-3.27902,0.275,0,0
-49,-73,-270,-258,-3,0,-3.05955,0.275,0,0
-72,-95,-264,-253,-3,0,-2.72243,0.215,0,0
-84,-107,-267,-252,-3,0,-2.31077,0.215,0,0
-101,-123,-260,-249,-3,0,0.693052,0.19,0,0
-111,123,-257,-246,-3,0,6.16695,0.19,0,0
-126,109,-253,-251,-3,0,11.0194,0.178,0,0
116,95,-256,-256,-2,0,-0.975889,0.178,0,0
102,78,-244,-277,-2,0,2.52712,0.172,0,0
85,60,-242,-283,-3,0,2.76045,0.172,0,0
75,50,-253,-261,-3,0,0.380777,0.144,0,0
55,27,-249,-265,-4,0,0.316086,0.144,0,0
43,16,-248,-260,-4,0,-0.363062,0.144,0,0
22,-6,-255,-262,-4,0,-1.29805,0.123,0,0
13,-17,-253,-257,-4,0,-1.79579,0.123,0,0
-8,-37,-264,-251,-4,0,-4.11813,0.107,0,0
-20,-50,-266,-249,-3,0,-3.87542,0.107,0,0
-40,-69,-264,-250,-3,0,-3.26351,0.087,0,0
-51,-78,-268,-247,-3,0,-4.31242,0.087,0,0
-65,-94,-266,-248,-3,0,-3.65998,0.087,0,0
-89,-113,-263,-251,-2,0,-0.471797,0.062,0,0
-102,-125,-268,-243,-2,0,0.38444,0.047,0,0
-119,116,-266,-249,-2,0,7.69956,0.047,0,0
127,102,-263,-251,-1,0,-1.79769,0.047,0,0
109,87,-254,-255,-1,0,0.430189,0.033,0,0
95,73,-257,-258,-1,0,0.874862,0.033,0,0
71,51,-254,-263,-1,0,1.70768,0.02,0,0
61,36,-256,-259,-1,0,0.924603,0.02,0,0
42,20,-258,-262,-1,0,0,-0.000999996,0,1
17,-11,0,0,-5,0,-0.462214,0.101,0,0
17,-11,0,0,-6,0,-1.3541,0.101,0,0
17,-12,-43,-95,-3,0,4.29227,0.251,0,0
7,-22,-221,-244,-3,0,1.47223,0.251,0,0
-5,-40,-281,-299,3,0,5.41127,0.396,0,0
-23,-56,-270,-288,3,0,6.11055,0.396,0,0
-42,-75,-248,-270,2,0,6.14869,0.516,0,0
-60,-96,-234,-275,0,0,6.19192,0.516,0,0
-77,-118,-240,-273,-4,0,1.66444,0.624,0,0
-98,116,-242,-276,-4,0,10.8469,0.624,0,0
-115,98,-244,-272,-1,0,13.4823,0.638,0,0
-128,84,-222,-235,-1,0,16.5235,0.638,0,0
108,64,-225,-254,1,0,4.95481,0.644,0,0
95,48,-247,-288,0,0,5.70584,0.644,0,0
83,34,-247,-287,0,0,5.91826,0.623,0,0
69,18,-235,-292,0,0,7.45369,0.623,0,0
61,5,-243,-278,-1,0,4.69794,0.623,0,0
46,-9,-239,-276,-1,0,4.71425,0.606,0,0
37,-20,-242,-273,-2,0,3.19106,0.606,0,0
21,-39,-237,-268,-3,0,2.54945,0.606,0,0
11,-49,-246,-269,-3,0,1.78785,0.606,0,0
0,-62,-251,-271,-3,0,1.93922,0.606,0,0
-12,-74,-254,-261,-4,0,-0.0276659,0.606,0,0
-24,-86,-250,-261,-4,0,0.710036,0.606,0,0
-35,-98,-256,-254,-4,0,-1.16986,0.606,0,0
-49,-111,-257,-250,-4,0,-1.84543,0.568,0,0
-60,-122,-260,-256,-4,0,-1.88964,0.568,0,0
-79,116,-262,-247,-4,0,1.07554,0.529,0,0
-89,106,-263,-252,-4,0,2.18223,0.529,0,0
-103,92,-261,-250,-3,0,4.06587,0.529,0,0
-116,79,-249,-265,-3,0,10.8066,0.508,0,0
-128,66,-231,-275,-4,0,17.0482,0.508,0,0
118,53,-229,-292,-10,0,1.09543,0.48,0,0
103,35,-244,-287,-10,0,-0.0170973,0.48,0,0
93,20,-256,-262,-16,0,-8.20592,0.449,0,0
73,4,-255,-249,-16,0,-9.93459,0.449,0,0
63,-5,-275,-221,-14,0,-14.3901,0.449,0,0
41,-22,-284,-217,-14,0,-16.0178,0.423,0,0
29,-32,-297,-225,-12,0,-15.2427,0.423,0,0
9,-47,-299,-222,-10,0,-14.9914,0.423,0,0
-4,-56,-297,-215,-10,0,-16.1447,0.423,0,0
-21,-71,-292,-219,-7,0,-13.5258,0.401,0,0
-43,-85,-299,-220,-7,0,-15.2193,0.401,0,0
-55,-95,-293,-214,-5,0,-14.2476,0.377,0,0
-78,-111,-294,-218,-5,0,-11.2318,0.377,0,0
-90,-120,-295,-223,-4,0,-7.81351,0.377,0,0
-107,124,-292,-228,-2,0,-1.80834,0.365,0,0
-122,111,-283,-234,-1,0,4.71638,0.365,0,0
115,93,-268,-248,0,0,-1.192,0.34,0,0
99,80,-254,-250,0,0,0.891348,0.34,0,0
87,67,-255,-258,1,0,2.35482,0.323,0,0
67,48,-257,-259,1,0,2.19672,0.323,0,0
53,34,-253,-259,1,0,2.42701,0.323,0,0
40,20,-256,-267,1,0,2.80146,0.305,0,0
27,6,-251,-258,1,0,2.11247,0.305,0,0
16,-5,-251,-261,1,0,2.27792,0.305,0,0
-1,-23,-251,-266,0,0,2.58745,0.293,0,0
-12,-34,-248,-263,0,0,2.91891,0.293,0,0
-32,-54,-251,-264,0,0,2.84448,0.274,0,0
-41,-65,-252,-265,0,0,2.98767,0.274,0,0
-59,-83,-254,-263,0,0,2.51629,0.258,0,0
-71,-96,-253,-261,0,0,1.68697,0.258,0,0
-84,-111,-251,-261,0,0,2.44542,0.243,0,0
-100,-125,-250,-261,0,0,5.27184,0.243,0,0
-110,119,-250,-267,0,0,11.5031,0.215,0,0
123,96,-248,-268,0,0,2.33711,0.215,0,0
104,70,-238,-270,0,0,4.23095,0.195,0,0
91,60,-239,-271,-1,0,3.61046,0.195,0,0
76,44,-248,-270,-1,0,3.19051,0.195,0,0
63,28,-247,-262,-2,0,1.71314,0.176,0,0
53,20,-254,-258,-2,0,0.244164,0.176,0,0
37,0,-282,-258,3,0,0.094288,0.154,0,0
22,-10,-271,-282,9,0,8.00224,0.154,0,0
3,-30,-247,-251,11,0,8.86236,0.154,0,0
-15,-49,-230,-270,9,0,13.2561,0.158,0,0
-29,-66,-216,-271,8,0,14.3838,0.117,0,0
-42,-83,-215,-299,8,0,18.1928,0.117,0,0
-53,-99,-215,-293,7,0,16.421,0.117,0,0
-66,-115,-223,-296,6,0,14.6222,0.091,0,0
-76,124,-214,-298,4,0,23.2667,0.091,0,0
-91,105,-215,-304,4,0,24.4638,0.078,0,0
-98,95,-208,-310,2,0,24.8854,0.078,0,0
-110,76,-197,-313,1,0,25.9133,0.059,0,0
-118,61,-184,-314,0,0,25.7408,0.059,0,0
125,41,-183,-317,0,0,16.4123,0.04,0,0
113,19,-178,-313,-4,0,13.6951,0.04,0,0
103,-2,-196,-303,-6,0,9.35766,0.033,0,0
90,-18,-204,-302,-9,0,6.85875,0.033,0,0
81,-31,-216,-291,-9,0,4.41963,0.033,0,0
65,-50,-229,-287,-11,0,0.927,0.016,0,0
50,-69,-241,-276,-12,0,-2.22474,0.016,0,0
33,-88,-247,-269,-13,0,-4.13944,0.006,0,0
22,-99,-257,-263,-13,0,-5.85349,0.006,0,0
-4,-127,-266,-247,-14,0,0,-0.015,0,1
-46,93,3,0,-15,0,-6.92606,0.085,0,0
-46,93,-2,0,-15,0,-7.39896,0.085,0,0
-49,90,-58,-183,-17,0,13.4605,0.085,0,0
-65,75,-291,-268,-17,0,-9.46219,0.195,0,0
-75,64,-310,-272,-15,0,-10.1045,0.195,0,0
-98,42,-264,-289,-14,0,0.0945007,0.394,0,0
-111,30,-243,-269,-14,0,1.6203,0.394,0,0
-120,20,-248,-258,-14,0,2.81316,0.394,0,0
121,4,-244,-258,-15,0,-6.10116,0.516,0,0
112,-5,-248,-262,-15,0,-6.2185,0.516,0,0
99,-19,-266,-251,-16,0,-10.3839,0.547,0,0
80,-36,-272,-242,-16,0,-12.3565,0.547,0,0
69,-45,-280,-234,-16,0,-14.11,0.547,0,0
55,-58,-276,-229,-16,0,-14.148,0.547,0,0
41,-68,-271,-209,-19,0,-17.768,0.547,0,0
28,-78,-277,-215,-19,0,-17.7606,0.547,0,0
9,-93,-300,-226,-18,0,-19.0403,0.547,0,0
-5,-108,-309,-216,-17,0,-21.114,0.554,0,0
-28,-120,-310,-216,-17,0,-22.3022,0.554,0,0
-39,-128,-305,-206,-14,0,-21.234,0.554,0,0
-61,115,-308,-199,-14,0,-19.1529,0.576,0,0
-73,108,-319,-202,-12,0,-19.3805,0.576,0,0
-90,93,-313,-207,-10,0,-16.3531,0.539,0,0
-114,80,-304,-210,-7,0,-7.52456,0.539,0,0
127,69,-293,-222,-5,0,-10.8943,0.484,0,0
103,51,-283,-234,-5,0,-7.10717,0.484,0,0
94,41,-281,-230,-3,0,-6.13925,0.484,0,0
75,29,-280,-228,-3,0,-6.61032,0.476,0,0
63,18,-279,-243,-2,0,-4.26245,0.476,0,0
47,5,-273,-241,-1,0,-3.40102,0.453,0,0
31,-10,-275,-242,-1,0,-3.79438,0.453,0,0
14,-26,-272,-251,0,0,-1.99974,0.431,0,0
-6,-44,-262,-248,0,0,-1.1048,0.431,0,0
-20,-59,-264,-253,0,0,-0.446613,0.431,0,0
-35,-73,-257,-251,1,0,1.18238,0.413,0,0
-50,-87,-259,-249,1,0,0.665142,0.413,0,0
-65,-100,-262,-251,1,0,0.447501,0.396,0,0
-76,-112,-250,-255,1,0,1.97996,0.396,0,0
-85,-121,-255,-257,1,0,2.85284,0.382,0,0
-107,113,-255,-258,1,0,9.74898,0.382,0,0
-115,103,-248,-262,1,0,13.2993,0.382,0,0
123,86,-248,-267,1,0,3.77481,0.356,0,0
113,72,-239,-288,1,0,6.40775,0.356,0,0
100,58,-235,-278,1,0,6.17229,0.341,0,0
89,46,-240,-269,1,0,5.35432,0.341,0,0
79,34,-239,-275,0,0,5.45921,0.341,0,0
62,15,-242,-272,-1,0,4.14201,0.323,0,0
52,4,-246,-277,-1,0,4.12088,0.323,0,0
39,-14,-247,-273,-1,0,3.33588,0.312,0,0
22,-29,-256,-250,-1,0,-0.719646,0.312,0,0
6,-44,-269,-263,6,0,3.969,0.287,0,0
-10,-60,-269,-267,6,0,5.30877,0.287,0,0
-22,-72,-274,-275,12,0,10.5038,0.287,0,0
-40,-90,-245,-267,13,0,13.609,0.27,0,0
-49,-102,-223,-271,12,0,15.7423,0.27,0,0
-65,-122,-208,-288,12,0,19.559,0.251,0,0
-73,119,-212,-297,10,0,26.4532,0.251,0,0
-90,98,-208,-304,9,0,28.023,0.226,0,0
-99,84,-192,-313,6,0,29.0384,0.226,0,0
-109,66,-175,-314,4,0,28.5292,0.207,0,0
-120,47,-168,-322,4,0,28.7043,0.207,0,0
-126,34,-163,-311,2,0,27.0382,0.207,0,0
118,12,-165,-312,0,0,18.5517,0.19,0,0
112,0,-167,-311,0,0,18.3903,0.19,0,0
103,-16,-182,-314,-4,0,13.988,0.176,0,0
95,-29,-198,-311,-7,0,10.0248,0.176,0,0
84,-45,-212,-303,-7,0,7.68551,0.176,0,0
77,-60,-222,-290,-9,0,3.63857,0.153,0,0
60,-80,-227,-280,-11,0,0.698775,0.153,0,0
48,-94,-245,-271,-12,0,-2.72713,0.148,0,0
29,-111,-250,-262,-12,0,-4.17668,0.148,0,0
19,-126,-257,-260,-13,0,-5.67059,0.148,0,0
3,117,-267,-251,-13,0,-8.17278,0.176,0,0
-14,103,-271,-246,-13,0,-8.90381,0.176,0,0
-25,93,-280,-239,-12,0,-9.63322,0.101,0,0
-43,77,-281,-230,-11,0,-10.7005,0.101,0,0
-59,64,-284,-227,-11,0,-11.7595,0.085,0,0
-78,51,-327,-207,-9,0,-21.9374,0.085,0,0
-99,37,-337,-216,0,0,-13.3389,0.085,0,0
-112,27,-301,-196,11,0,2.2344,0.059,0,0
127,16,-308,-232,15,0,3.77835,0.059,0,0
108,0,-249,-248,15,0,12.2414,0.04,0,0
97,-11,-220,-259,15,0,16.652,0.04,0,0
84,-30,-222,-276,14,0,17.5539,0.024,0,0
71,-44,-210,-288,12,0,19.3257,0.024,0,0
61,-59,-212,-310,12,0,22.5468,0.024,0,0
51,-73,-210,-305,10,0,20.4077,0.004,0,0
40,-90,-212,-304,10,0,19.5348,0.004,0,0
32,-102,-204,-310,8,0,19.5292,0.004,0,0
20,-119,-202,-313,8,0,0,-0.015,0,1
-11,90,0,0,0,0,-7.03187,0.024,0,0
-11,90,0,0,0,0,-7.03187,0.024,0,0
-11,90,-6,-13,1,0,-4.55192,0.153,0,0
-23,80,-238,-224,1,0,0.225614,0.153,0,0
-34,68,-305,-269,1,0,-2.40268,0.323,0,0
-59,48,-298,-265,0,0,-2.36635,0.323,0,0
-72,31,-263,-255,0,0,1.66007,0.468,0,0
-92,14,-252,-251,0,0,4.79253,0.468,0,0
-106,2,-250,-258,-2,0,7.36404,0.468,0,0
-123,-17,-246,-266,-2,0,12.6387,0.554,0,0
123,-28,-244,-272,0,0,5.75753,0.554,0,0
105,-48,-240,-277,2,0,7.89468,0.554,0,0
93,-64,-230,-288,2,0,10.1436,0.579,0,0
83,-76,-230,-276,2,0,8.62957,0.584,0,0
68,-92,-233,-270,0,0,6.45682,0.584,0,0
58,-108,-224,-267,-1,0,6.67069,0.584,0,0
45,-120,-227,-278,-1,0,8.11653,0.57,0,0
35,124,-236,-279,-2,0,1.18339,0.57,0,0
25,109,-240,-277,-2,0,0.87592,0.539,0,0
8,94,-243,-286,-2,0,1.90108,0.539,0,0
-7,73,-245,-263,-4,0,-1.33238,0.531,0,0
-23,61,-247,-262,-4,0,-1.44864,0.531,0,0
-33,50,-248,-258,-4,0,-1.76672,0.531,0,0
-48,35,-260,-254,-4,0,-3.08043,0.51,0,0
-59,24,-262,-257,-4,0,-2.65859,0.51,0,0
-69,14,-263,-248,-4,0,-3.5961,0.485,0,0
-91,-6,-263,-253,-4,0,-1.66284,0.485,0,0
-99,-16,-256,-251,-3,0,1.99529,0.485,0,0
-121,-36,-265,-250,-3,0,5.96333,0.464,0,0
126,-48,-260,-263,-3,0,1.01447,0.464,0,0
107,-65,-247,-263,-3,0,2.22513,0.447,0,0
94,-78,-247,-275,-3,0,3.5262,0.447,0,0
81,-98,-253,-259,-3,0,1.41159,0.447,0,0
53,-122,-248,-260,-4,0,1.59321,0.428,0,0
44,125,-251,-257,-4,0,-2.11238,0.405,0,0
29,110,-251,-267,-4,0,-1.51031,0.392,0,0
17,97,-250,-263,-4,0,-1.58917,0.392,0,0
7,88,-249,-264,-4,0,-1.42098,0.392,0,0
-3,76,-252,-257,-4,0,-2.39059,0.392,0,0
-20,58,-252,-259,-4,0,-2.2242,0.368,0,0
-35,42,-261,-259,-4,0,-2.94356,0.368,0,0
-52,27,-265,-250,-4,0,-3.99423,0.368,0,0
-72,7,-259,-248,-3,0,-2.46336,0.348,0,0
-89,-8,-257,-254,-3,0,-0.563683,0.348,0,0
-99,-18,-250,-261,-4,0,2.68982,0.333,0,0
-112,-34,-238,-275,-4,0,7.46182,0.333,0,0
-123,-46,-258,-266,-10,0,2.24565,0.314,0,0
118,-60,-268,-256,-16,0,-9.41556,0.314,0,0
103,-75,-247,-259,-15,0,-6.01329,0.297,0,0
86,-92,-258,-225,-13,0,-9.41011,0.297,0,0
69,-106,-287,-232,-13,0,-11.8095,0.278,0,0
57,-116,-284,-244,-13,0,-10.1164,0.278,0,0
41,125,-277,-238,-12,0,-10.4271,0.278,0,0
31,115,-282,-227,-11,0,-10.5549,0.27,0,0
12,102,-286,-234,-10,0,-9.51993,0.27,0,0
-14,80,-286,-235,-10,0,-10.2664,0.242,0,0
-39,59,-282,-232,-9,0,-10.1373,0.216,0,0
-54,48,-283,-229,-7,0,-10.1099,0.216,0,0
-78,29,-282,-231,-6,0,-8.69226,0.207,0,0
-101,9,-288,-231,-5,0,-5.19283,0.207,0,0
-124,-11,-287,-234,-3,0,2.36044,0.188,0,0
106,-30,-272,-234,-2,0,-3.38498,0.171,0,0
90,-44,-271,-252,-1,0,-0.750703,0.171,0,0
71,-62,-259,-251,-1,0,0.399417,0.147,0,0
57,-76,-263,-253,-1,0,0.287033,0.147,0,0
37,-96,-261,-259,-1,0,1.29947,0.136,0,0
23,-109,-253,-257,0,0,2.69866,0.136,0,0
10,-122,-250,-256,0,0,3.4518,0.136,0,0
-4,119,-256,-266,0,0,2.1643,0.117,0,0
-16,106,-254,-257,0,0,1.97659,0.117,0,0
-30,93,-248,-259,0,0,3.79806,0.097,0,0
-39,82,-251,-262,0,0,3.98106,0.097,0,0
-57,65,-246,-265,-1,0,5.30698,0.077,0,0
-72,48,-252,-263,-1,0,4.82643,0.077,0,0
-81,38,-256,-267,-1,0,5.05787,0.059,0,0
-100,18,-245,-267,-1,0,8.13736,0.059,0,0
-109,6,-240,-274,-1,0,11.1236,0.059,0,0
-126,-11,-241,-276,-2,0,14.5012,0.045,0,0
120,-22,-238,-280,-2,0,6.00765,0.045,0,0
108,-37,-230,-281,-3,0,6.20507,0.031,0,0
97,-56,-222,-287,-3,0,7.68155,0.031,0,0
85,-66,-232,-283,-3,0,5.91261,0.031,0,0
65,-89,-241,-275,-5,0,2.8264,0.00700001,0,0
57,-101,-240,-278,-6,0,2.76123,0.00700001,0,0
40,-118,-243,-274,-6,0,0,-0.000999996,0,1
25,119,3,0,-10,0,-9.43798,0.012,0,0
25,119,0,-3,-12,0,-9.48447,0.012,0,0
24,119,-42,-126,-12,0,7.55207,0.117,0,0
11,107,-265,-242,-12,0,-9.0076,0.117,0,0
-3,96,-303,-287,-10,0,-7.71245,0.117,0,0
-25,72,-271,-278,-6,0,-3.51086,0.222,0,0
-38,60,-264,-245,-6,0,-5.41157,0.222,0,0
-59,42,-270,-241,-3,0,-3.56961,0.447,0,0
-72,30,-267,-245,-2,0,-1.35418,0.447,0,0
-83,14,-263,-252,-2,0,0.0683138,0.578,0,0
-100,4,-265,-252,-2,0,3.43444,0.578,0,0
-111,-7,-259,-260,-1,0,8.31813,0.578,0,0
-128,-24,-253,-262,-1,0,13.7737,0.628,0,0
117,-36,-244,-274,-1,0,5.22898,0.628,0,0
106,-49,-228,-284,-3,0,6.70466,0.646,0,0
96,-62,-198,-253,-2,0,7.08713,0.646,0,0
81,-80,-236,-277,-3,0,4.81375,0.629,0,0
63,-100,-255,-274,-3,0,2.63968,0.629,0,0
54,-110,-232,-273,-3,0,5.13262,0.629,0,0
38,127,-238,-278,-4,0,-0.278442,0.622,0,0
29,117,-244,-272,-4,0,-0.842259,0.622,0,0
15,102,-245,-272,-5,0,-1.45263,0.622,0,0
5,90,-258,-257,-5,0,-3.19167,0.622,0,0
-7,80,-264,-260,-5,0,-3.76488,0.622,0,0
-24,63,-261,-249,-5,0,-4.72068,0.622,0,0
-34,54,-266,-251,-5,0,-4.91162,0.622,0,0
-55,35,-267,-243,-5,0,-5.32703,0.578,0,0
-73,18,-276,-240,-5,0,-6.79944,0.578,0,0
-87,6,-274,-247,-4,0,-4.08215,0.579,0,0
-103,-9,-270,-244,-3,0,1.09701,0.579,0,0
-115,-20,-272,-244,-3,0,3.78011,0.579,0,0
122,-37,-274,-246,-3,0,-2.61178,0.235,0,0
112,-46,-252,-259,-2,0,1.91797,0.235,0,0
98,-61,-255,-254,-2,0,0.811876,0.235,0,0
83,-75,-260,-251,-2,0,-0.0138081,0.53,0,0
72,-86,-256,-263,-2,0,1.82175,0.53,0,0
59,-99,-251,-255,-2,0,1.62636,0.499,0,0
46,-113,-259,-261,-2,0,1.54298,0.499,0,0
34,124,-252,-261,-2,0,-0.500951,0.476,0,0
17,113,-249,-265,-2,0,0.0576154,0.476,0,0
2,98,-259,-258,-2,0,-1.10204,0.466,0,0
-15,81,-257,-253,-2,0,-1.79232,0.466,0,0
-29,66,-260,-251,-2,0,-2.13046,0.436,0,0
-45,52,-263,-252,-2,0,-1.74068,0.436,0,0
-57,40,-263,-251,-2,0,-1.26318,0.436,0,0
-85,13,-265,-250,-1,0,0.447026,0.409,0,0
-105,-4,-259,-251,-1,0,6.19451,0.401,0,0
-124,-24,-261,-256,-1,0,10.7395,0.401,0,0
105,-50,-256,-259,1,0,3.35938,0.377,0,0
84,-71,-276,-261,8,0,5.8341,0.361,0,0
61,-92,-257,-276,8,0,9.69442,0.361,0,0
51,-104,-232,-282,13,0,16.9993,0.34,0,0
33,-127,-215,-288,11,0,17.6522,0.34,0,0
25,118,-217,-285,9,0,10.9662,0.34,0,0
13,102,-216,-282,9,0,11.502,0.323,0,0
4,90,-208,-299,7,0,13.0102,0.323,0,0
-9,70,-206,-307,5,0,13.2413,0.306,0,0
-23,50,-219,-290,3,0,9.6153,0.306,0,0
-35,34,-217,-293,2,0,9.69217,0.287,0,0
-48,18,-228,-290,2,0,8.46336,0.287,0,0
-57,7,-237,-284,1,0,6.30207,0.287,0,0
-71,-12,-234,-291,0,0,7.26923,0.27,0,0
-80,-21,-232,-281,0,0,6.49489,0.27,0,0
-88,-32,-233,-277,-1,0,5.36394,0.27,0,0
-104,-49,-244,-269,-2,0,4.72835,0.247,0,0
-113,-59,-242,-274,-2,0,6.57299,0.247,0,0
-123,-72,-243,-275,-3,0,7.3783,0.234,0,0
118,-89,-240,-274,-3,0,4.68777,0.234,0,0
108,-101,-243,-275,-3,0,4.60603,0.234,0,0
88,-122,-245,-272,-3,0,4.27828,0.205,0,0
79,124,-244,-275,-4,0,-1.80571,0.205,0,0
67,109,-238,-267,-4,0,-1.62663,0.205,0,0
56,97,-244,-273,-5,0,-2.22029,0.197,0,0
43,84,-251,-264,-5,0,-2.94271,0.197,0,0
32,73,-250,-249,-6,0,-4.19016,0.171,0,0
17,59,-261,-253,-6,0,-4.45058,0.171,0,0
3,43,-265,-241,-5,0,-5.44928,0.153,0,0
-18,26,-278,-244,-5,0,-7.63466,0.153,0,0
-31,10,-279,-244,-4,0,-8.03094,0.153,0,0
-48,0,-269,-239,-4,0,-7.28591,0.136,0,0
-60,-11,-276,-236,-3,0,-7.81912,0.136,0,0
-74,-26,-279,-240,-3,0,-7.70664,0.121,0,0
-95,-40,-272,-243,-2,0,-2.28584,0.121,0,0
-109,-54,-273,-237,-2,0,0.372441,0.121,0,0
-124,-66,-270,-242,-1,0,5.52552,0.099,0,0
121,-77,-264,-252,-1,0,0.820465,0.099,0,0
102,-95,-258,-261,0,0,3.26216,0.077,0,0
91,-107,-249,-266,0,0,4.90383,0.077,0,0
79,-119,-251,-270,0,0,5.23313,0.077,0,0
67,123,-250,-263,0,0,0.194823,0.061,0,0
57,112,-243,-265,-1,0,0.218714,0.061,0,0
39,93,-242,-276,-1,0,0.926441,0.04,0,0
30,84,-248,-262,-1,0,-0.018029,0.04,0,0
16,63,-247,-266,-1,0,0.224601,0.034,0,0
0,52,-252,-258,-1,0,-0.337044,0.034,0,0
-9,42,-252,-257,-2,0,-1.09774,0.034,0,0
-28,23,-257,-260,-2,0,-1.111,0.016,0,0
-38,13,-265,-255,-2,0,-2.8626,0.016,0,0
-61,-10,-269,-255,-2,0,0,-0.005,0,1
-79,-30,0,0,-5,0,17.2221,0.059,0,0
-79,-30,0,0,-4,0,17.6737,0.059,0,0
-81,-33,-138,-238,-5,0,8.19605,0.059,0,0
-93,-51,-221,-339,-7,0,9.20929,0.171,0,0
-107,-69,-234,-336,-7,0,7.85136,0.171,0,0
-121,-88,-241,-297,-9,0,3.70139,0.386,0,0
125,-100,-241,-283,-10,0,1.44204,0.386,0,0
112,-114,-249,-263,-8,0,-0.340326,0.564,0,0
96,125,-250,-256,-8,0,-7.26909,0.564,0,0
86,116,-254,-251,-6,0,-5.90808,0.564,0,0
65,94,-268,-247,-2,0,-3.17426,0.63,0,0
51,83,-269,-246,-2,0,-3.13658,0.63,0,0
35,68,-274,-249,-1,0,-2.49608,0.669,0,0
21,55,-271,-252,-1,0,-2.13145,0.669,0,0
13,47,-265,-253,-1,0,-1.6641,0.669,0,0
-5,30,-256,-250,-1,0,-1.69124,0.642,0,0
-14,20,-254,-249,-1,0,-1.894,0.642,0,0
-30,1,-248,-248,0,0,-0.602244,0.63,0,0
-54,-20,-266,-246,0,0,-3.72341,0.63,0,0
-75,-37,-266,-256,1,0,-1.53988,0.628,0,0
-91,-54,-267,-253,1,0,0.322728,0.628,0,0
-113,-73,-262,-251,2,0,6.27341,0.606,0,0
126,-90,-265,-251,2,0,2.92451,0.606,0,0
109,-106,-255,-262,2,0,5.24481,0.606,0,0
88,-128,-250,-266,2,0,6.44025,0.598,0,0
79,116,-246,-265,2,0,1.41172,0.586,0,0
63,100,-248,-275,2,0,2.26319,0.586,0,0
49,85,-243,-265,2,0,2.06043,0.586,0,0
41,76,-250,-269,1,0,1.33383,0.57,0,0
25,60,-249,-266,1,0,1.36608,0.57,0,0
14,47,-253,-252,1,0,0.203293,0.57,0,0
-1,32,-248,-268,1,0,2.64188,0.539,0,0
-12,21,-254,-263,1,0,1.77272,0.539,0,0
-24,8,-254,-261,1,0,1.39112,0.495,0,0
-35,-6,-257,-256,1,0,-0.00885279,0.495,0,0
-51,-20,-255,-258,1,0,0.498363,0.495,0,0
-67,-36,-252,-264,1,0,2.1001,0.472,0,0
-82,-50,-261,-259,1,0,0.059848,0.472,0,0
-95,-65,-252,-264,1,0,4.56112,0.457,0,0
-110,-80,-249,-259,1,0,7.13675,0.457,0,0
-118,-88,-246,-268,1,0,9.49268,0.432,0,0
121,-106,-248,-273,1,0,6.78021,0.432,0,0
110,-119,-238,-277,0,0,7.69605,0.432,0,0
99,124,-238,-283,0,0,2.29998,0.419,0,0
87,110,-237,-276,-1,0,1.47157,0.419,0,0
75,96,-244,-279,-1,0,1.501,0.419,0,0
62,82,-244,-270,-2,0,0.332849,0.396,0,0
49,68,-251,-269,-3,0,-0.73014,0.396,0,0
35,54,-251,-258,-3,0,-1.42631,0.384,0,0
25,42,-252,-258,-3,0,-1.27511,0.384,0,0
11,28,-255,-256,-3,0,-1.74616,0.384,0,0
-7,8,-257,-245,-3,0,-4.01879,0.36,0,0
-21,-2,-262,-255,-3,0,-3.67438,0.36,0,0
-34,-20,-272,-247,-2,0,-5.67289,0.346,0,0
-58,-37,-270,-245,-2,0,-5.68232,0.346,0,0
-69,-48,-271,-246,-2,0,-5.58265,0.321,0,0
-89,-65,-274,-239,-1,0,-3.63126,0.321,0,0
-99,-74,-272,-244,-1,0,-0.897356,0.321,0,0
-111,-85,-269,-241,-1,0,1.91212,0.297,0,0
127,-101,-263,-248,0,0,1.93837,0.297,0,0
113,-114,-262,-254,1,0,3.21013,0.278,0,0
98,124,-256,-258,1,0,-1.27742,0.278,0,0
86,114,-256,-265,1,0,0.178088,0.278,0,0
67,96,-264,-252,1,0,-0.740154,0.266,0,0
54,83,-257,-261,1,0,0.380249,0.266,0,0
42,70,-254,-257,1,0,0.481238,0.266,0,0
25,54,-258,-256,1,0,0.265238,0.283,0,0
10,38,-251,-260,1,0,1.32793,0.283,0,0
-7,20,-253,-263,1,0,2.22648,0.226,0,0
-19,9,-255,-260,1,0,1.23468,0.226,0,0
-37,-11,-252,-264,1,0,2.13422,0.207,0,0
-46,-21,-253,-262,1,0,1.6041,0.207,0,0
-66,-40,-252,-263,1,0,2.06486,0.186,0,0
-77,-52,-252,-264,1,0,2.57431,0.186,0,0
-89,-68,-249,-260,1,0,3.74736,0.176,0,0
-106,-82,-252,-262,1,0,6.38647,0.176,0,0
-115,-92,-250,-257,1,0,7.8297,0.176,0,0
122,-112,-244,-272,1,0,7.38655,0.152,0,0
111,-124,-245,-275,1,0,7.52129,0.152,0,0
96,115,-243,-273,0,0,1.38761,0.139,0,0
84,101,-244,-272,0,0,1.74586,0.139,0,0
71,78,-245,-272,-1,0,1.69188,0.117,0,0
52,66,-253,-266,-1,0,0.510746,0.117,0,0
43,56,-252,-265,-1,0,0.665976,0.117,0,0
23,37,-248,-261,-2,0,0.157561,0.093,0,0
12,25,-253,-260,-2,0,-0.293442,0.093,0,0
-1,9,-257,-268,-2,0,0.305675,0.077,0,0
-19,-7,-250,-260,-2,0,-0.00983031,0.077,0,0
-29,-18,-253,-262,-2,0,-0.295873,0.077,0,0
-47,-36,-250,-258,-2,0,-0.324111,0.055,0,0
-58,-48,-260,-255,-2,0,-2.20677,0.055,0,0
-76,-66,-259,-255,-2,0,-1.89049,0.041,0,0
-89,-77,-265,-250,-2,0,-1.68929,0.041,0,0
-102,-90,-260,-251,-1,0,2.35062,0.031,0,0
-120,-107,-261,-250,-1,0,5.21948,0.031,0,0
125,-123,-257,-261,-1,0,3.88793,0.031,0,0
103,116,-251,-268,-1,0,-0.475967,0.006,0,0
91,103,-250,-265,-1,0,0.271311,0.006,0,0
75,84,-258,-254,-1,0,0,-0.013,0,1
53,64,0,0,-4,0,6.73303,0.025,0,0
53,64,0,0,-4,0,6.73303,0.025,0,0
53,62,-97,-82,-5,0,-6.30178,0.025,0,0
39,46,-251,-295,-5,0,0.724707,0.179,0,0
26,34,-280,-297,-5,0,-1.12744,0.179,0,0
14,20,-281,-271,-2,0,-2.26034,0.445,0,0
-7,0,-265,-262,0,0,-0.34902,0.445,0,0
-19,-13,-259,-250,0,0,-1.49769,0.568,0,0
-38,-30,-255,-253,-5,0,-4.15901,0.568,0,0
-47,-40,-259,-246,-5,0,-5.74675,0.568,0,0
-64,-55,-270,-243,-8,0,-10.079,0.594,0,0
-77,-66,-272,-241,-7,0,-9.8963,0.594,0,0
-93,-81,-285,-231,-2,0,-5.41746,0.314,0,0
-111,-94,-285,-231,1,0,0.753861,0.314,0,0
-127,-111,-281,-238,2,0,5.76444,0.634,0,0
109,-124,-257,-247,2,0,3.77646,0.634,0,0
100,121,-230,-265,3,0,3.45032,0.634,0,0
85,105,-236,-260,2,0,2.50531,0.607,0,0
73,93,-254,-246,2,0,0.268674,0.607,0,0
59,79,-248,-267,2,0,2.54057,0.6,0,0
43,60,-253,-267,2,0,2.52388,0.6,0,0
32,50,-257,-267,1,0,1.63311,0.6,0,0
13,31,-255,-257,1,0,1.07834,0.6,0,0
4,21,-250,-255,1,0,1.29136,0.6,0,0
-14,3,-250,-265,1,0,3.033,0.607,0,0
-23,-8,-253,-268,1,0,2.93779,0.607,0,0
-38,-24,-250,-260,1,0,1.9992,0.594,0,0
-51,-36,-252,-265,1,0,2.54405,0.594,0,0
-63,-48,-251,-258,1,0,1.7257,0.594,0,0
-74,-61,-250,-279,0,0,4.57648,0.58,0,0
-87,-76,-232,-284,0,0,7.22478,0.58,0,0
-97,-89,-229,-281,-4,0,4.70321,0.58,0,0
-113,-108,-246,-281,-8,0,1.86046,0.516,0,0
-123,-119,-255,-261,-14,0,-4.23536,0.516,0,0
115,118,-247,-258,-14,0,-10.7084,0.48,0,0
105,108,-260,-235,-12,0,-12.0376,0.48,0,0
89,96,-280,-228,-11,0,-12.9495,0.457,0,0
69,80,-287,-234,-11,0,-12.1234,0.457,0,0
58,67,-293,-224,-9,0,-12.4216,0.457,0,0
32,51,-292,-223,-9,0,-12.3846,0.445,0,0
22,40,-294,-219,-7,0,-12.241,0.445,0,0
0,26,-299,-222,-6,0,-12.7206,0.447,0,0
-14,17,-292,-219,-6,0,-12.8557,0.447,0,0
-36,0,-294,-218,-4,0,-12.6265,0.432,0,0
-52,-12,-290,-219,-2,0,-11.2593,0.432,0,0
-71,-26,-297,-219,0,0,-10.1211,0.436,0,0
-104,-50,-285,-230,2,0,0.681952,0.436,0,0
-127,-70,-291,-230,3,0,6.05414,0.404,0,0
97,-95,-282,-231,4,0,-0.0540388,0.388,0,0
81,-110,-262,-254,5,0,5.3889,0.388,0,0
63,-128,-252,-262,6,0,8.16709,0.368,0,0
49,114,-243,-275,6,0,5.32131,0.356,0,0
27,88,-257,-259,5,0,3.25072,0.356,0,0
7,68,-248,-257,5,0,3.76257,0.333,0,0
-13,47,-253,-271,5,0,5.23754,0.333,0,0
-28,31,-251,-264,5,0,4.91609,0.314,0,0
-45,14,-249,-266,5,0,5.57865,0.314,0,0
-57,-3,-249,-273,5,0,6.5636,0.314,0,0
-72,-16,-241,-267,4,0,6.61561,0.298,0,0
-87,-33,-238,-273,4,0,8.05299,0.285,0,0
-100,-47,-244,-276,4,0,9.59652,0.285,0,0
-109,-60,-239,-280,3,0,11.1788,0.285,0,0
-122,-75,-236,-283,3,0,13.996,0.268,0,0
123,-87,-232,-283,3,0,10.7024,0.268,0,0
102,-114,-221,-294,1,0,11.8654,0.254,0,0
91,-127,-221,-285,1,0,11.0376,0.254,0,0
76,109,-223,-291,-1,0,3.29752,0.234,0,0
60,88,-230,-283,-2,0,2.01396,0.234,0,0
39,63,-235,-284,-3,0,1.52268,0.205,0,0
27,48,-250,-263,-4,0,-1.61713,0.205,0,0
9,31,-248,-267,-5,0,-1.66724,0.205,0,0
-6,12,-251,-260,-5,0,-2.39125,0.188,0,0
-22,-2,-258,-253,-5,0,-4.89936,0.171,0,0
-33,-13,-260,-257,-5,0,-4.7018,0.171,0,0
-46,-26,-263,-255,-5,0,-5.35977,0.171,0,0
-63,-40,-273,-245,-5,0,-8.39486,0.152,0,0
-80,-58,-277,-246,-5,0,-8.6775,0.152,0,0
-93,-68,-268,-238,-4,0,-4.88174,0.139,0,0
-107,-86,-282,-230,-3,0,-3.69625,0.139,0,0
-127,-96,-283,-231,-3,0,0.948993,0.117,0,0
118,-106,-278,-246,-2,0,-1.44631,0.117,0,0
105,-118,-266,-247,-1,0,0.72388,0.101,0,0
91,124,-255,-251,-1,0,-2.86917,0.101,0,0
76,110,-258,-255,-1,0,-1.75404,0.101,0,0
64,98,-258,-261,0,0,-0.487242,0.083,0,0
49,82,-256,-254,-1,0,-1.28012,0.083,0,0
31,66,-265,-253,-1,0,-1.64364,0.062,0,0
19,53,-257,-251,0,0,-0.61964,0.062,0,0
4,39,-261,-252,0,0,-0.739096,0.04,0,0
-13,23,-264,-253,0,0,-1.80476,0.04,0,0
-28,8,-258,-256,0,0,-0.872057,0.04,0,0
-42,-7,-261,-250,0,0,-2.40749,0.033,0,0
-61,-23,-262,-250,1,0,-1.72118,0.016,0,0
-78,-40,-262,-259,1,0,-0.364212,0.016,0,0
-89,-50,-259,-248,1,0,0.748035,0.016,0,0
-105,-67,-264,-256,1,0,0,-0.003,0,1
-128,-92,0,0,1,0,34.3772,0.016,0,0
-128,-92,0,0,-2,0,33.0073,0.016,0,0
-128,-93,-3,-30,-2,0,35.1858,0.016,0,0
121,-110,-145,-331,-3,0,22.8231,0.19,0,0
110,124,-168,-354,-3,0,17.3674,0.19,0,0
101,107,-177,-328,-1,0,14.0214,0.331,0,0
93,90,-190,-321,-1,0,11.6581,0.331,0,0
85,79,-204,-300,-2,0,7.0234,0.432,0,0
68,57,-226,-289,-4,0,3.18076,0.432,0,0
61,47,-236,-272,-5,0,0.758297,0.432,0,0
41,24,-247,-270,-2,0,2.16015,0.484,0,0
30,13,-257,-259,-2,0,-0.491146,0.484,0,0
12,-7,-253,-246,-2,0,-1.84935,0.494,0,0
-1,-18,-238,-229,-1,0,-1.64437,0.494,0,0
-11,-30,-251,-252,-1,0,-0.0613545,0.482,0,0
-31,-47,-259,-257,-1,0,-0.44805,0.482,0,0
-41,-60,-263,-257,-1,0,-0.880412,0.457,0,0
-65,-81,-269,-254,-1,0,-2.15578,0.457,0,0
-75,-91,-266,-250,-1,0,-2.2192,0.457,0,0
-92,-106,-259,-250,-1,0,1.01432,0.432,0,0
-102,-117,-262,-256,-1,0,2.78825,0.432,0,0
-114,127,-261,-255,-1,0,8.55072,0.432,0,0
124,110,-250,-264,0,0,0.626325,0.424,0,0
113,98,-252,-272,0,0,2.14631,0.424,0,0
94,77,-239,-280,0,0,4.20698,0.396,0,0
84,66,-251,-260,0,0,2.04225,0.396,0,0
69,52,-270,-246,5,0,1.86948,0.377,0,0
55,38,-272,-270,13,0,9.62808,0.377,0,0
41,24,-264,-284,13,0,11.9753,0.354,0,0
23,4,-250,-288,23,0,21.8826,0.354,0,0
15,-8,-235,-295,25,0,26.6224,0.354,0,0
-2,-28,-206,-265,26,0,27.3312,0.34,0,0
-10,-38,-186,-280,26,0,30.9158,0.34,0,0
-17,-54,-168,-317,24,0,34.9715,0.324,0,0
-27,-71,-168,-314,24,0,34.9135,0.324,0,0
-37,-92,-151,-318,19,0,32.4679,0.306,0,0
-47,-112,-150,-315,19,0,31.8326,0.306,0,0
-54,-126,-150,-315,16,0,29.679,0.306,0,0
-61,114,-150,-313,13,0,36.6294,0.289,0,0
-69,100,-153,-318,13,0,35.9625,0.289,0,0
-76,86,-165,-312,10,0,31.7635,0.289,0,0
-85,66,-156,-314,8,0,30.2654,0.27,0,0
-97,39,-144,-317,4,0,27.2082,0.247,0,0
-109,16,-141,-315,4,0,24.601,0.247,0,0
-116,0,-158,-314,0,0,19.7078,0.226,0,0
125,-26,-171,-317,-4,0,17.107,0.226,0,0
118,-40,-186,-320,-4,0,15.6773,0.226,0,0
102,-66,-208,-317,-8,0,9.45849,0.203,0,0
92,-84,-215,-302,-10,0,5.4776,0.203,0,0
77,-101,-216,-296,-12,0,3.57437,0.195,0,0
68,-116,-226,-270,-15,0,-2.0796,0.195,0,0
50,122,-234,-274,-17,0,-8.80485,0.179,0,0
39,108,-246,-266,-17,0,-9.79702,0.179,0,0
28,96,-261,-258,-18,0,-11.593,0.179,0,0
7,79,-277,-233,-17,0,-14.1275,0.171,0,0
-8,66,-286,-235,-17,0,-15.3201,0.171,0,0
-27,51,-282,-231,-16,0,-15.559,0.147,0,0
-37,42,-297,-220,-15,0,-18.1681,0.147,0,0
-62,25,-295,-223,-15,0,-18.4066,0.176,0,0
-79,11,-298,-216,-13,0,-19.2299,0.176,0,0
-93,2,-299,-208,-12,0,-17.6868,0.109,0,0
-112,-12,-309,-211,-10,0,-13.5376,0.109,0,0
121,-27,-304,-215,-8,0,-13.5781,0.078,0,0
106,-38,-303,-211,-8,0,-13.7684,0.078,0,0
87,-52,-294,-218,-6,0,-10.3894,0.067,0,0
71,-64,-297,-219,-4,0,-9.28475,0.067,0,0
56,-76,-294,-221,-3,0,-8.0404,0.067,0,0
36,-90,-281,-223,-3,0,-6.36457,0.049,0,0
23,-102,-287,-230,-1,0,-4.88818,0.049,0,0
9,-112,-281,-232,0,0,-3.33327,0.031,0,0
-7,-126,-277,-234,0,0,-2.6073,0.031,0,0
-21,119,-279,-238,1,0,-2.51939,0.031,0,0
-36,100,-271,-246,2,0,0.0992457,0.014,0,0
-55,88,-265,-254,3,0,4.01597,0.014,0,0
-72,72,-263,-250,3,0,0,-0.003,0,1
-89,52,0,0,-2,0,5.10072,0.139,0,0
-89,52,0,0,-3,0,4.92105,0.139,0,0
-92,48,-116,-190,-1,0,20.3985,0.312,0,0
-106,30,-261,-297,0,0,10.6679,0.312,0,0
-119,12,-246,-326,0,0,15.5676,0.423,0,0
118,-10,-219,-316,0,0,13.5138,0.423,0,0
111,-26,-210,-295,1,0,12.7473,0.423,0,0
92,-47,-215,-291,2,0,12.1307,0.476,0,0
81,-62,-216,-290,2,0,11.7643,0.476,0,0
67,-81,-222,-299,3,0,13.0757,0.468,0,0
55,-97,-223,-290,2,0,11.6132,0.468,0,0
41,-118,-226,-276,2,0,9.93146,0.448,0,0
25,122,-221,-265,1,0,3.40183,0.448,0,0
13,108,-225,-285,0,0,4.67936,0.431,0,0
-3,88,-224,-283,0,0,5.60954,0.431,0,0
-11,76,-232,-280,-2,0,3.26422,0.431,0,0
-28,56,-243,-277,-3,0,1.41375,0.417,0,0
-39,45,-240,-277,-3,0,2.21848,0.417,0,0
-51,30,-222,-284,-12,0,-0.0547169,0.401,0,0
-65,13,-247,-263,-12,0,-5.36088,0.401,0,0
-76,3,-287,-268,-25,0,-18.4942,0.401,0,0
-95,-14,-292,-248,-31,0,-24.9036,0.35,0,0
-108,-24,-290,-224,-31,0,-26.0302,0.35,0,0
-126,-38,-281,-198,-30,0,-20.9081,0.341,0,0
115,-47,-299,-186,-29,0,-30.4074,0.341,0,0
97,-60,-317,-195,-26,0,-28.9801,0.324,0,0
75,-71,-320,-193,-23,0,-27.2064,0.324,0,0
59,-84,-314,-171,-23,0,-29.0374,0.324,0,0
31,-96,-318,-163,-20,0,-28.9959,0.314,0,0
13,-105,-316,-169,-17,0,-26.7297,0.314,0,0
-2,-113,-313,-170,-17,0,-26.9234,0.302,0,0
-23,-125,-310,-166,-14,0,-25.8334,0.302,0,0
-44,121,-312,-168,-7,0,-22.0303,0.285,0,0
-64,110,-320,-173,-7,0,-22.0443,0.285,0,0
-83,99,-318,-182,-5,0,-17.2627,0.275,0,0
-105,87,-323,-193,-1,0,-10.4411,0.275,0,0
123,70,-320,-200,2,0,-13.1658,0.253,0,0
99,52,-299,-207,5,0,-5.74165,0.226,0,0
71,32,-285,-227,7,0,-0.617577,0.226,0,0
49,16,-279,-236,8,0,1.42092,0.207,0,0
35,4,-268,-250,9,0,4.78405,0.207,0,0
19,-11,-265,-242,9,0,3.92066,0.19,0,0
6,-24,-259,-260,10,0,7.59911,0.19,0,0
-7,-41,-246,-270,10,0,11.3776,0.178,0,0
-25,-56,-248,-266,10,0,11.2158,0.178,0,0
-35,-72,-239,-276,9,0,13.0417,0.158,0,0
-53,-88,-237,-259,10,0,10.7891,0.158,0,0
-62,-99,-257,-275,17,0,15.0104,0.158,0,0
-81,-120,-236,-296,17,0,21.455,0.158,0,0
-89,125,-228,-329,22,0,36.9363,0.158,0,0
-100,109,-217,-312,23,0,36.7968,0.123,0,0
-111,92,-201,-292,23,0,39.039,0.123,0,0
-120,79,-162,-307,21,0,44.7986,0.123,0,0
127,59,-136,-312,18,0,35.4396,0.101,0,0
121,44,-128,-313,16,0,35.8433,0.101,0,0
113,24,-113,-310,16,0,37.8554,0.079,0,0
108,9,-125,-314,11,0,33.1625,0.079,0,0
99,-10,-139,-323,8,0,30.0116,0.059,0,0
91,-30,-148,-314,8,0,27.5023,0.059,0,0
82,-49,-159,-318,5,0,24.1402,0.059,0,0
71,-66,-174,-312,1,0,19.3072,0.04,0,0
63,-84,-195,-310,-2,0,14.6419,0.04,0,0
47,-105,-213,-310,-3,0,11.9819,0.033,0,0
37,-120,-218,-294,-3,0,9.58199,0.033,0,0
21,116,-222,-290,-6,0,1.33292,0.016,0,0
13,103,-220,-292,-9,0,0.17796,0.016,0,0
-6,83,-237,-279,-10,0,-2.73685,0.006,0,0
-17,70,-244,-264,-10,0,-4.86363,0.006,0,0
-29,56,-259,-257,-11,0,0,-0.012,0,1
-49,39,0,0,-12,0,-0.679949,0.022,0,0
-49,39,0,0,-12,0,-0.678261,0.171,0,0
-49,39,-2,-8,-11,0,1.04816,0.171,0,0
-53,34,-157,-199,-11,0,1.28657,0.171,0,0
-67,20,-281,-287,-11,0,-6.10483,0.314,0,0
-83,6,-288,-289,-8,0,-3.97248,0.314,0,0
-93,-6,-279,-259,-8,0,-6.19477,0.314,0,0
-115,-26,-268,-244,-5,0,2.30424,0.459,0,0
-126,-38,-269,-244,-3,0,6.38118,0.459,0,0
115,-50,-271,-239,-3,0,-3.18905,0.51,0,0
99,-64,-259,-261,-3,0,0.482022,0.51,0,0
89,-75,-252,-260,-3,0,1.23838,0.518,0,0
70,-95,-242,-256,-3,0,2.09154,0.518,0,0
61,-105,-249,-245,-3,0,0.248758,0.518,0,0
38,-128,-242,-256,-3,0,2.41719,0.504,0,0
29,120,-255,-261,-3,0,-1.25317,0.504,0,0
13,102,-251,-258,-3,0,-1.1089,0.482,0,0
-1,88,-256,-257,-3,0,-1.82199,0.482,0,0
-13,75,-268,-258,-3,0,-2.92766,0.468,0,0
-31,59,-260,-249,-3,0,-3.05546,0.468,0,0
-43,48,-259,-257,-3,0,-1.86951,0.468,0,0
-62,30,-262,-251,-2,0,-1.26664,0.445,0,0
-71,14,-263,-252,-2,0,-1.39136,0.445,0,0
-91,2,-262,-255,-2,0,0.995534,0.419,0,0
-101,-8,-262,-253,-2,0,3.31009,0.419,0,0
-115,-22,-252,-259,-2,0,8.82134,0.404,0,0
124,-40,-250,-256,-2,0,1.96328,0.404,0,0
114,-50,-248,-274,-1,0,4.80285,0.387,0,0
93,-72,-242,-273,-1,0,5.08372,0.387,0,0
83,-92,-245,-275,-2,0,4.57316,0.369,0,0
61,-108,-240,-268,-3,0,3.79006,0.369,0,0
49,-122,-241,-271,-3,0,4.16271,0.35,0,0
27,108,-229,-287,-3,0,1.53371,0.35,0,0
16,93,-214,-281,-6,0,0.755168,0.35,0,0
-7,70,-277,-266,-16,0,-11.8373,0.331,0,0
-26,48,-237,-260,-20,0,-11.3549,0.314,0,0
-45,27,-244,-232,-18,0,-13.2461,0.314,0,0
-59,16,-267,-240,-18,0,-15.299,0.314,0,0
-76,2,-286,-240,-17,0,-17.114,0.289,0,0
-89,-11,-289,-229,-16,0,-18.1121,0.289,0,0
-113,-28,-298,-219,-15,0,-13.9607,0.275,0,0
122,-42,-299,-206,-13,0,-17.3562,0.275,0,0
102,-56,-304,-221,-13,0,-15.4956,0.27,0,0
83,-70,-297,-216,-11,0,-13.9359,0.27,0,0
67,-82,-294,-218,-10,0,-12.7081,0.283,0,0
55,-93,-294,-216,-8,0,-11.5596,0.283,0,0
30,-110,-295,-223,-6,0,-9.59053,0.222,0,0
14,-122,-284,-223,-6,0,-8.34392,0.222,0,0
1,124,-286,-230,-5,0,-7.45255,0.198,0,0
-12,114,-284,-226,-4,0,-7.43749,0.198,0,0
-27,100,-283,-234,-3,0,-6.03056,0.186,0,0
-47,83,-281,-237,-2,0,-5.21489,0.186,0,0
-69,66,-274,-243,-1,0,-1.39058,0.171,0,0
-83,54,-269,-246,-1,0,0.625136,0.171,0,0
-95,43,-274,-241,0,0,1.60272,0.146,0,0
-111,28,-264,-250,1,0,8.85407,0.146,0,0
-124,12,-252,-261,1,0,15.1975,0.136,0,0
112,-5,-253,-262,1,0,4.04218,0.136,0,0
101,-20,-251,-264,2,0,5.03954,0.109,0,0
80,-38,-263,-273,12,0,11.1509,0.109,0,0
69,-50,-244,-305,26,0,26.9883,0.109,0,0
51,-74,-241,-308,30,0,30.4035,0.091,0,0
36,-93,-215,-285,30,0,29.5231,0.091,0,0
23,-116,-144,-307,30,0,40.9154,0.093,0,0
17,-128,-139,-308,27,0,39.1788,0.093,0,0
9,108,-144,-318,24,0,36.2238,0.048,0,0
3,92,-136,-319,22,0,35.6554,0.048,0,0
-5,78,-142,-315,19,0,31.9445,0.048,0,0
-15,56,-145,-312,19,0,31.0339,0.033,0,0
-21,35,-150,-313,14,0,27.6895,0.014,0,0
-33,18,-158,-317,14,0,27.6634,0.014,0,0
-39,3,-162,-314,11,0,25.2409,0.014,0,0
-51,-18,-166,-312,9,0,0,-0.00699999,0,1
-58,-36,0,0,-1,0,15.1147,0.016,0,0
-58,-36,0,0,-1,0,15.1147,0.016,0,0
-59,-38,-67,-157,-2,0,7.26011,0.129,0,0
-69,-50,-200,-295,-2,0,10.9792,0.129,0,0
-78,-64,-248,-319,-4,0,7.74326,0.129,0,0
-95,-84,-254,-293,-4,0,2.56778,0.27,0,0
-108,-100,-253,-275,1,0,7.71318,0.27,0,0
127,-122,-249,-262,1,0,6.2548,0.396,0,0
115,122,-246,-265,3,0,2.20346,0.396,0,0
96,102,-243,-272,1,0,2.81809,0.396,0,0
87,90,-239,-275,1,0,3.60073,0.495,0,0
69,72,-250,-262,-3,0,-0.658706,0.495,0,0
55,56,-255,-265,-2,0,0.158327,0.568,0,0
45,45,-254,-256,-1,0,0.35334,0.568,0,0
29,31,-261,-253,-1,0,-1.10174,0.58,0,0
18,21,-257,-260,-1,0,-0.00205643,0.58,0,0
2,4,-255,-258,-2,0,-0.946968,0.58,0,0
-15,-13,-242,-230,-3,0,-4.19298,0.586,0,0
-30,-29,-236,-241,-2,0,-0.665985,0.586,0,0
-41,-41,-259,-246,-2,0,-3.32892,0.586,0,0
-61,-57,-270,-260,-2,0,-2.82408,0.586,0,0
-86,-82,-271,-259,-1,0,-1.04574,0.564,0,0
-106,-103,-257,-248,-1,0,3.28421,0.564,0,0
-126,-120,-263,-251,0,0,7.0319,0.531,0,0
115,122,-256,-245,0,0,-3.08715,0.531,0,0
95,98,-259,-260,0,0,0.131384,0.51,0,0
75,81,-250,-268,0,0,1.63817,0.494,0,0
48,53,-243,-269,0,0,2.61092,0.494,0,0
35,38,-249,-270,-1,0,1.83412,0.466,0,0
18,20,-249,-263,-1,0,1.3066,0.466,0,0
7,9,-249,-260,-1,0,0.829245,0.466,0,0
-10,-8,-256,-262,-1,0,0.354734,0.453,0,0
-19,-18,-254,-264,-1,0,0.883369,0.453,0,0
-34,-33,-250,-262,-1,0,1.20637,0.43,0,0
-49,-50,-252,-263,-1,0,1.24787,0.43,0,0
-65,-68,-251,-256,-1,0,0.530844,0.413,0,0
-81,-84,-249,-260,-1,0,0.913678,0.413,0,0
-91,-92,-249,-261,-1,0,2.65395,0.413,0,0
-108,-110,-253,-264,-1,0,5.2936,0.392,0,0
-117,-120,-250,-265,-2,0,6.38645,0.392,0,0
-127,125,-251,-265,-2,0,13.6498,0.392,0,0
112,108,-249,-265,-2,0,-0.655361,0.368,0,0
99,91,-237,-285,-2,0,2.8506,0.35,0,0
78,68,-240,-279,-2,0,2.60712,0.35,0,0
70,58,-249,-265,-3,0,0.422454,0.35,0,0
58,44,-250,-265,-4,0,-0.082733,0.338,0,0
42,30,-245,-260,-4,0,-0.119783,0.338,0,0
31,17,-259,-256,-4,0,-2.4062,0.324,0,0
10,-3,-260,-253,-4,0,-3.23765,0.324,0,0
-1,-14,-262,-251,-4,0,-3.9752,0.324,0,0
-19,-32,-265,-253,-4,0,-4.42638,0.297,0,0
-33,-44,-260,-250,-4,0,-4.05409,0.297,0,0
-53,-63,-264,-251,-3,0,-3.62389,0.293,0,0
-65,-75,-276,-245,-3,0,-6.30235,0.293,0,0
-83,-91,-267,-242,-2,0,-2.81646,0.27,0,0
-95,-103,-266,-249,-2,0,-0.337537,0.27,0,0
-114,-120,-270,-249,-2,0,2.38306,0.242,0,0
-123,126,-267,-250,-1,0,9.23891,0.242,0,0
119,114,-251,-254,-1,0,-1.68419,0.242,0,0
99,94,-251,-266,-1,0,0.966629,0.235,0,0
89,84,-245,-270,-1,0,1.84626,0.235,0,0
75,69,-256,-257,-1,0,0.29826,0.214,0,0
65,59,-251,-262,-1,0,1.18174,0.214,0,0
53,46,-251,-263,-1,0,1.46171,0.195,0,0
30,24,-260,-254,-1,0,-0.765313,0.195,0,0
21,15,-264,-248,0,0,-1.41588,0.195,0,0
-1,-5,-286,-257,0,0,-3.46493,0.171,0,0
-19,-21,-283,-241,15,0,4.89836,0.171,0,0
-35,-34,-275,-248,15,0,7.20737,0.154,0,0
-47,-46,-272,-251,25,0,15.7388,0.154,0,0
-61,-60,-242,-287,25,0,24.6944,0.171,0,0
-77,-80,-232,-293,35,0,36.5877,0.171,0,0
-87,-94,-194,-300,34,0,40.7081,0.131,0,0
-100,-116,-156,-318,34,0,44.09,0.131,0,0
-106,125,-125,-316,29,0,53.8169,0.131,0,0
-114,104,-110,-312,29,0,54.0858,0.105,0,0
-119,88,-99,-315,26,0,51.5099,0.105,0,0
-125,70,-93,-298,22,0,48.8835,0.083,0,0
127,54,-81,-303,22,0,45.7674,0.083,0,0
123,36,-89,-310,17,0,41.9692,0.063,0,0
117,20,-98,-317,17,0,41.4038,0.063,0,0
113,8,-109,-323,12,0,37.1105,0.063,0,0
106,-10,-123,-313,9,0,31.841,0.041,0,0
101,-22,-130,-315,9,0,30.9866,0.041,0,0
95,-36,-137,-309,5,0,26.4012,0.041,0,0
83,-61,-153,-314,2,0,22.406,0.029,0,0
77,-73,-162,-315,0,0,20.0807,0.029,0,0
65,-94,-191,-314,-4,0,13.9721,0.014,0,0
57,-108,-198,-315,-5,0,12.6587,0.014,0,0
49,-122,-215,-303,-5,0,0,-0.000999996,0,1
24,103,0,0,-5,0,-6.68978,0.079,0,0
24,103,0,0,-5,0,-6.68978,0.079,0,0
24,103,0,0,-4,0,-6.26198,0.247,0,0
24,103,0,0,-4,0,-6.26198,0.247,0,0
23,102,-99,-23,1,0,-10.4733,0.247,0,0
12,90,-269,-245,6,0,2.91217,0.409,0,0
-3,79,-304,-264,6,0,1.61627,0.409,0,0
-20,65,-306,-261,7,0,1.31339,0.466,0,0
-41,46,-265,-265,8,0,6.35158,0.466,0,0
-52,31,-245,-259,8,0,8.26019,0.466,0,0
-65,18,-207,-264,8,0,13.8615,0.48,0,0
-76,5,-222,-269,8,0,12.6687,0.48,0,0
-87,-8,-233,-290,7,0,12.5221,0.48,0,0
-96,-20,-222,-293,6,0,12.7557,0.459,0,0
-108,-36,-220,-270,6,0,15.0449,0.459,0,0
-124,-56,-227,-294,5,0,17.3133,0.449,0,0
123,-68,-223,-296,5,0,14.4291,0.449,0,0
106,-90,-223,-299,4,0,13.8867,0.432,0,0
97,-101,-219,-299,2,0,12.9381,0.432,0,0
88,-119,-221,-296,1,0,12.0135,0.404,0,0
74,123,-217,-292,1,0,4.72955,0.404,0,0
66,110,-217,-295,0,0,4.28354,0.404,0,0
49,90,-232,-281,-2,0,1.17475,0.385,0,0
41,80,-236,-276,-2,0,0.686809,0.385,0,0
29,66,-239,-275,-2,0,0.639889,0.368,0,0
18,55,-248,-266,-3,0,-1.27715,0.368,0,0
6,42,-253,-266,-3,0,-1.44445,0.368,0,0
-3,32,-253,-263,-4,0,-2.21549,0.361,0,0
-16,19,-254,-259,-4,0,-2.68526,0.361,0,0
-25,10,-260,-258,-4,0,-3.83116,0.361,0,0
-43,-8,-256,-256,-4,0,-3.87553,0.34,0,0
-55,-19,-258,-251,-4,0,-4.72884,0.34,0,0
-70,-34,-262,-245,-3,0,-5.2534,0.319,0,0
-94,-56,-261,-254,-3,0,-1.75447,0.319,0,0
-105,-66,-265,-248,-3,0,-0.171594,0.319,0,0
-121,-82,-268,-243,-3,0,2.43479,0.304,0,0
120,-96,-266,-248,-3,0,-0.787428,0.304,0,0
105,-112,-255,-262,-2,0,2.73967,0.285,0,0
95,-121,-246,-267,-2,0,4.33109,0.285,0,0
81,120,-238,-269,-4,0,-1.95395,0.285,0,0
70,105,-233,-281,-10,0,-4.29863,0.268,0,0
55,90,-264,-266,-18,0,-12.0061,0.268,0,0
37,74,-283,-247,-18,0,-13.8367,0.207,0,0
25,62,-284,-213,-20,0,-19.3591,0.207,0,0
2,46,-299,-211,-20,0,-22.2224,0.214,0,0
-13,36,-299,-212,-17,0,-20.729,0.214,0,0
-37,20,-309,-196,-15,0,-22.8945,0.19,0,0
-53,10,-317,-198,-13,0,-23.3933,0.19,0,0
-73,-2,-317,-194,-11,0,-23.4291,0.197,0,0
-88,-11,-312,-189,-8,0,-19.1089,0.197,0,0
-104,-22,-315,-192,-8,0,-17.1397,0.171,0,0
-126,-34,-309,-192,-5,0,-9.38177,0.171,0,0
117,-44,-306,-209,-2,0,-10.4539,0.152,0,0
91,-61,-300,-208,-2,0,-9.29141,0.152,0,0
80,-70,-293,-227,0,0,-5.06766,0.152,0,0
61,-84,-285,-231,2,0,-2.39979,0.131,0,0
45,-97,-280,-236,3,0,-0.593947,0.131,0,0
28,-112,-265,-251,3,0,2.80764,0.115,0,0
17,-125,-243,-266,3,0,7.77034,0.115,0,0
4,118,-231,-266,0,0,4.49808,0.091,0,0
-15,97,-264,-274,-9,0,-4.25504,0.091,0,0
-25,85,-285,-262,-20,0,-13.8872,0.07,0,0
-47,66,-263,-236,-20,0,-13.6272,0.07,0,0
-58,56,-281,-217,-18,0,-16.6574,0.07,0,0
-83,38,-290,-211,-18,0,-19.8766,0.059,0,0
-97,26,-308,-209,-15,0,-19.8853,0.059,0,0
-115,14,-307,-207,-14,0,-15.0233,0.045,0,0
123,4,-307,-211,-14,0,-18.6455,0.045,0,0
106,-8,-301,-211,-10,0,-15.0952,0.024,0,0
88,-22,-302,-219,-10,0,-14.4172,0.024,0,0
72,-32,-288,-217,-8,0,-11.7915,0.024,0,0
55,-46,-298,-222,-7,0,0,-0.000999996,0,1
19,-75,0,0,-4,0,-1.63409,0.016,0,0
19,-75,0,0,-7,0,-3.64574,0.016,0,0
19,-76,-6,-8,-8,0,-5.2263,0.016,0,0
9,-83,-228,-181,-8,0,-8.92262,0.146,0,0
-6,-98,-297,-284,-6,0,-3.76399,0.146,0,0
-19,-116,-302,-251,-4,0,-7.34251,0.258,0,0
-42,-128,-293,-243,-4,0,-7.76437,0.258,0,0
-52,118,-276,-245,-6,0,-4.27814,0.258,0,0
-69,102,-268,-240,-9,0,-4.74202,0.373,0,0
-80,94,-266,-237,-9,0,-4.43286,0.373,0,0
-93,80,-244,-241,-11,0,-0.390748,0.373,0,0
-107,68,-249,-241,-11,0,0.321047,0.411,0,0
-118,57,-263,-215,-11,0,-2.01415,0.411,0,0
119,42,-277,-261,-10,0,-6.28608,0.396,0,0
107,29,-281,-264,-10,0,-6.55646,0.396,0,0
95,16,-274,-247,-9,0,-7.23434,0.384,0,0
77,3,-278,-245,-9,0,-8.26623,0.384,0,0
66,-7,-272,-246,-9,0,-7.63753,0.384,0,0
54,-18,-271,-241,-9,0,-8.31667,0.384,0,0
43,-28,-273,-240,-8,0,-8.13379,0.365,0,0
30,-40,-278,-234,-8,0,-9.29662,0.365,0,0
16,-51,-274,-243,-7,0,-7.17084,0.341,0,0
1,-64,-283,-236,-6,0,-8.46748,0.341,0,0
-10,-74,-281,-235,-5,0,-8.02666,0.341,0,0
-30,-90,-277,-239,-5,0,-7.59722,0.324,0,0
-43,-101,-279,-234,-4,0,-7.87726,0.324,0,0
-55,-112,-278,-235,-3,0,-6.7417,0.305,0,0
-73,-126,-275,-241,-3,0,-4.65373,0.305,0,0
-84,120,-278,-239,-3,0,-2.23549,0.305,0,0
-103,103,-273,-244,-2,0,2.1856,0.283,0,0
-115,92,-268,-248,-2,0,6.36522,0.283,0,0
125,76,-256,-251,-1,0,0.660996,0.277,0,0
109,62,-252,-262,-1,0,2.50649,0.277,0,0
99,48,-251,-263,-1,0,2.61377,0.26,0,0
82,32,-251,-266,-1,0,2.72208,0.26,0,0
73,18,-253,-262,-2,0,1.25374,0.26,0,0
53,2,-249,-267,-2,0,1.96083,0.224,0,0
43,-9,-248,-267,-2,0,1.91222,0.224,0,0
27,-28,-228,-279,-2,0,6.10403,0.212,0,0
16,-41,-236,-279,-10,0,-0.523709,0.212,0,0
6,-54,-241,-272,-10,0,-1.66679,0.184,0,0
-13,-74,-251,-272,-10,0,-2.33021,0.184,0,0
-22,-83,-279,-250,-23,0,-19.1508,0.184,0,0
-47,-104,-267,-236,-23,0,-19.9339,0.171,0,0
-63,-119,-277,-232,-22,0,-21.2407,0.171,0,0
-78,126,-294,-204,-20,0,-19.1434,0.172,0,0
-93,116,-306,-206,-18,0,-19.7004,0.172,0,0
-112,104,-315,-208,-16,0,-16.4374,0.139,0,0
126,92,-314,-211,-16,0,-24.2331,0.139,0,0
112,80,-308,-207,-14,0,-21.8451,0.139,0,0
91,66,-306,-198,-11,0,-19.89,0.123,0,0
71,55,-314,-194,-11,0,-20.3455,0.123,0,0
49,41,-310,-199,-9,0,-17.4307,0.101,0,0
37,30,-309,-203,-7,0,-15.9281,0.101,0,0
12,16,-310,-210,-5,0,-14.8443,0.079,0,0
1,9,-303,-212,-3,0,-12.9826,0.079,0,0
-23,-8,-287,-219,0,0,-9.40248,0.063,0,0
-33,-15,-297,-219,0,0,-10.7056,0.063,0,0
-47,-29,-311,-223,2,0,-10.9896,0.063,0,0
-73,-44,-305,-219,5,0,-6.52284,0.04,0,0
-90,-60,-310,-221,9,0,-0.239704,0.029,0,0
-109,-70,-306,-234,14,0,9.58452,0.029,0,0
-124,-84,-279,-240,18,0,19.5716,0.029,0,0
111,-102,-256,-251,21,0,16.4073,0.024,0,0
101,-115,-224,-292,22,0,24.6038,0.00800001,0,0
83,118,-192,-291,22,0,23.2549,0.00800001,0,0
76,106,-179,-308,22,0,28.201,0.00800001,0,0
62,81,-176,-323,20,0,0,-0.013,0,1
43,52,0,0,18,0,18.9815,0.023,0,0
43,52,0,0,18,0,18.9815,0.023,0,0
43,52,0,0,12,0,15.1806,0.023,0,0
39,50,-84,-61,12,0,4.49656,0.207,0,0
32,40,-200,-297,6,0,14.0432,0.207,0,0
19,23,-242,-323,1,0,9.88325,0.405,0,0
3,4,-252,-301,1,0,7.44788,0.405,0,0
-5,-10,-237,-284,6,0,11.4965,0.539,0,0
-29,-36,-231,-283,6,0,13.0077,0.539,0,0
-38,-47,-230,-280,6,0,12.6209,0.606,0,0
-56,-68,-229,-281,10,0,15.0543,0.606,0,0
-68,-84,-224,-293,10,0,17.0025,0.606,0,0
-81,-101,-216,-298,17,0,23.6559,0.624,0,0
-92,-117,-216,-297,24,0,30.5654,0.624,0,0
-107,118,-199,-311,27,0,43.1378,0.628,0,0
-115,106,-187,-266,32,0,45.8599,0.628,0,0
-124,89,-169,-307,32,0,52.4921,0.636,0,0
125,78,-148,-287,35,0,42.0468,0.636,0,0
119,64,-131,-308,36,0,49.1592,0.634,0,0
111,41,-93,-333,36,0,56.6031,0.634,0,0
109,27,-84,-333,33,0,55.5703,0.634,0,0
103,7,-83,-329,28,0,51.5305,0.606,0,0
100,-6,-80,-323,28,0,51.0796,0.606,0,0
96,-19,-82,-323,28,0,50.6593,0.606,0,0
91,-36,-87,-310,21,0,43.4893,0.586,0,0
87,-50,-93,-312,21,0,42.8034,0.586,0,0
84,-66,-99,-321,15,0,38.8356,0.586,0,0
77,-85,-115,-315,12,0,33.7805,0.57,0,0
71,-99,-126,-317,10,0,31.0055,0.57,0,0
64,-117,-144,-317,5,0,25.0186,0.548,0,0
54,122,-151,-319,5,0,20.5291,0.548,0,0
47,102,-177,-316,0,0,12.3732,0.537,0,0
32,80,-182,-313,0,0,11.7193,0.537,0,0
22,64,-217,-297,-4,0,3.70763,0.512,0,0
6,44,-213,-297,-4,0,5.21482,0.512,0,0
-3,31,-237,-278,-7,0,-0.844378,0.512,0,0
-21,12,-251,-264,-8,0,-4.58764,0.503,0,0
-31,1,-254,-260,-8,0,-5.78437,0.503,0,0
-43,-11,-250,-262,-8,0,-4.95831,0.476,0,0
-54,-22,-243,-267,-10,0,-4.50413,0.476,0,0
-64,-33,-252,-262,-10,0,-6.54923,0.476,0,0
-75,-45,-271,-244,-15,0,-15.2548,0.447,0,0
-94,-60,-281,-242,-15,0,-15.7841,0.447,0,0
-103,-68,-299,-231,-28,0,-28.3033,0.409,0,0
-128,-86,-295,-213,-28,0,-23.7757,0.409,0,0
117,-94,-295,-192,-27,0,-26.3987,0.409,0,0
101,-104,-312,-170,-24,0,-29.5122,0.396,0,0
84,-113,-321,-176,-24,0,-29.5809,0.396,0,0
68,-122,-312,-175,-21,0,-26.3227,0.382,0,0
45,122,-314,-168,-19,0,-28.8703,0.382,0,0
29,112,-312,-178,-17,0,-25.7466,0.382,0,0
10,102,-316,-176,-14,0,-25.371,0.369,0,0
-4,95,-315,-175,-14,0,-25.8044,0.369,0,0
-27,82,-313,-179,-11,0,-23.5993,0.365,0,0
-39,75,-317,-178,-8,0,-23.4134,0.365,0,0
-57,65,-317,-183,-5,0,-21.6984,0.342,0,0
-76,54,-313,-188,-5,0,-19.3308,0.342,0,0
-91,45,-316,-196,-3,0,-15.1572,0.342,0,0
-115,30,-314,-203,0,0,-6.59235,0.325,0,0
-126,21,-308,-214,2,0,0.234486,0.325,0,0
115,11,-294,-222,4,0,-3.28263,0.31,0,0
95,-5,-275,-227,4,0,-0.808558,0.31,0,0
83,-15,-268,-243,6,0,3.02985,0.31,0,0
71,-26,-276,-236,6,0,1.06554,0.291,0,0
60,-34,-284,-233,10,0,2.28063,0.291,0,0
46,-48,-268,-248,16,0,9.73874,0.278,0,0
24,-66,-256,-271,16,0,14.1262,0.278,0,0
13,-80,-243,-297,31,0,28.9958,0.278,0,0
-5,-102,-234,-313,37,0,35.7532,0.278,0,0
-14,-115,-216,-281,37,0,33.6643,0.278,0,0
-23,123,-159,-303,37,0,44.2835,0.249,0,0
-33,105,-133,-314,36,0,46.4998,0.249,0,0
-37,90,-116,-309,33,0,45.0741,0.249,0,0
-45,71,-108,-318,33,0,46.5596,0.215,0,0
-50,56,-104,-315,28,0,42.936,0.215,0,0
-55,43,-103,-315,26,0,40.9356,0.19,0,0
-62,21,-105,-315,26,0,39.5184,0.19,0,0
-67,6,-115,-317,20,0,34.9041,0.19,0,0
-75,-14,-123,-316,15,0,30.3927,0.176,0,0
-79,-28,-134,-316,11,0,26.2867,0.176,0,0
-88,-44,-147,-323,9,0,23.7299,0.17,0,0
-99,-66,-169,-328,9,0,21.8749,0.17,0,0
-105,-78,-181,-329,6,0,19.0554,0.17,0,0
-119,-105,-149,-330,-1,0,15.8201,0.152,0,0
-127,-121,-201,-318,-1,0,15.2161,0.176,0,0
113,112,-247,-318,-1,0,5.53506,0.176,0,0
97,92,-230,-284,-26,0,-13.1551,0.176,0,0
85,76,-215,-272,-25,0,-11.9618,0.14,0,0
66,56,-247,-248,-25,0,-15.8111,0.101,0,0
44,36,-291,-234,-25,0,-22.7183,0.101,0,0
23,16,-294,-232,-24,0,-23.7908,0.083,0,0
-9,-6,-298,-214,-23,0,-26.1897,0.083,0,0
-23,-14,-321,-194,-21,0,-29.4096,0.077,0,0
-47,-29,-315,-191,-21,0,-29.6553,0.077,0,0
-63,-39,-306,-177,-19,0,-29.0951,0.077,0,0
-86,-52,-309,-172,-16,0,-24.8925,0.047,0,0
-101,-59,-312,-164,-13,0,-21.5192,0.047,0,0
-117,-68,-315,-175,-13,0,-18.6222,0.035,0,0
119,-80,-313,-190,-10,0,-18.1289,0.035,0,0
105,-89,-309,-204,-7,0,0,-0.000999996,0,1
75,-110,0,0,-5,0,9.33602,0.025,0,0
75,-110,0,0,-5,0,9.33602,0.025,0,0
69,-115,-220,-268,-2,0,6.86748,0.176,0,0
49,118,-253,-318,2,0,4.4683,0.176,0,0
28,92,-245,-298,2,0,4.26333,0.365,0,0
15,76,-237,-273,4,0,4.87353,0.365,0,0
-7,51,-242,-268,5,0,5.74967,0.48,0,0
-17,40,-244,-273,5,0,6.27603,0.48,0,0
-37,18,-241,-274,5,0,6.9224,0.568,0,0
-48,5,-240,-272,5,0,7.22736,0.568,0,0
-64,-15,-240,-271,9,0,11.1226,0.607,0,0
-81,-30,-240,-239,9,0,8.73509,0.607,0,0
-97,-49,-223,-259,6,0,12.2749,0.607,0,0
-112,-66,-219,-284,5,0,16.1013,0.614,0,0
-127,-86,-245,-302,4,0,15.8978,0.614,0,0
113,-105,-242,-304,4,0,12.5284,0.614,0,0
104,-118,-229,-289,4,0,12.4841,0.614,0,0
90,122,-216,-289,4,0,7.76265,0.604,0,0
83,110,-217,-292,2,0,6.44002,0.604,0,0
67,91,-222,-291,2,0,5.94123,0.592,0,0
59,80,-240,-275,0,0,2.34269,0.592,0,0
45,66,-264,-266,3,0,2.09945,0.578,0,0
27,48,-277,-258,3,0,0.199485,0.578,0,0
13,36,-271,-252,11,0,5.36014,0.578,0,0
-2,20,-254,-263,19,0,14.9243,0.539,0,0
-11,10,-246,-290,32,0,29.3353,0.539,0,0
-28,-10,-226,-306,32,0,33.6495,0.53,0,0
-36,-22,-213,-318,44,0,44.1743,0.53,0,0
-45,-44,-152,-312,46,0,49.3271,0.341,0,0
-55,-64,-114,-298,45,0,47.9633,0.341,0,0
-60,-77,-90,-299,44,0,47.8053,0.341,0,0
-67,-98,-87,-311,44,0,48.877,0.504,0,0
-71,-112,-97,-320,39,0,45.2984,0.504,0,0
-76,123,-102,-324,34,0,56.8981,0.474,0,0
-83,106,-107,-314,34,0,53.6075,0.474,0,0
-89,87,-99,-316,31,0,50.1387,0.445,0,0
-93,72,-91,-316,28,0,46.9776,0.445,0,0
-97,61,-88,-314,25,0,44.0076,0.445,0,0
-103,36,-94,-322,25,0,41.2843,0.417,0,0
-107,25,-99,-331,16,0,35.712,0.417,0,0
-113,7,-116,-310,16,0,32.9693,0.4,0,0
-120,-8,-131,-305,16,0,32.4952,0.4,0,0
-125,-21,-145,-315,11,0,28.3215,0.4,0,0
120,-42,-161,-318,7,0,27.0225,0.386,0,0
109,-65,-165,-314,7,0,25.4941,0.386,0,0
95,-90,-173,-320,3,0,21.1568,0.367,0,0
82,-112,-176,-318,-2,0,16.805,0.341,0,0
69,120,-180,-314,-2,0,9.78476,0.341,0,0
56,99,-193,-308,-5,0,5.14181,0.341,0,0
43,78,-206,-311,-7,0,3.41708,0.333,0,0
29,56,-210,-297,-7,0,2.74584,0.314,0,0
18,44,-229,-280,-11,0,-3.35086,0.314,0,0
2,26,-243,-267,-14,0,-7.7003,0.308,0,0
-19,3,-248,-256,-14,0,-9.7309,0.308,0,0
-36,-14,-270,-245,-14,0,-14.6669,0.302,0,0
-64,-40,-273,-237,-13,0,-15.199,0.302,0,0
-86,-58,-275,-241,-13,0,-14.7532,0.262,0,0
-105,-74,-270,-236,-14,0,-11.8046,0.262,0,0
-123,-89,-280,-227,-14,0,-9.75332,0.295,0,0
114,-104,-292,-216,-19,0,-17.7247,0.295,0,0
101,-114,-299,-213,-32,0,-27.3524,0.215,0,0
81,124,-314,-235,-32,0,-28.4596,0.215,0,0
53,107,-316,-215,-47,0,-41.3587,0.207,0,0
32,94,-309,-172,-55,0,-51.5338,0.207,0,0
13,83,-291,-158,-53,0,-48.6177,0.179,0,0
-11,71,-310,-138,-53,0,-53.6255,0.179,0,0
-31,64,-307,-96,-49,0,-57.7943,0.171,0,0
-45,59,-307,-91,-45,0,-56.2992,0.171,0,0
-65,54,-320,-90,-41,0,-55.4343,0.176,0,0
-85,48,-316,-84,-37,0,-47.4359,0.176,0,0
-103,44,-315,-83,-37,0,-42.4166,0.176,0,0
-121,38,-312,-96,-29,0,-31.385,0.176,0,0
116,32,-316,-107,-29,0,-47.7053,0.154,0,0
101,27,-321,-120,-26,0,-43.7348,0.154,0,0
84,19,-316,-156,-23,0,-34.9519,0.154,0,0
70,13,-313,-129,-23,0,-37.5862,0.176,0,0
55,8,-314,-117,-19,0,-35.9066,0.176,0,0
41,1,-307,-138,-16,0,-29.6134,0.176,0,0
25,-6,-310,-140,-13,0,-27.6754,0.101,0,0
9,-13,-320,-153,-13,0,-27.7691,0.101,0,0
-8,-21,-310,-165,-10,0,-23.9383,0.078,0,0
-21,-30,-317,-169,-6,0,-21.9817,0.078,0,0
-50,-44,-314,-177,-3,0,-19.4877,0.054,0,0
-67,-54,-318,-194,-3,0,-16.7717,0.054,0,0
-89,-68,-311,-205,1,0,-8.60789,0.04,0,0
-103,-78,-306,-204,3,0,-3.58632,0.04,0,0
-119,-91,-295,-225,5,0,4.27509,0.024,0,0
117,-104,-288,-230,5,0,0.167092,0.024,0,0
106,-117,-257,-263,8,0,9.32962,0.00700001,0,0
86,122,-253,-270,8,0,5.36777,0.00700001,0,0
77,114,-245,-273,8,0,6.32686,0.00700001,0,0
63,94,-228,-281,8,0,0,-0.000999996,0,1
49,78,2,0,3,0,7.38335,0.109,0,0
49,78,0,0,3,0,7.25288,0.109,0,0
41,70,-187,-247,19,0,17.6299,0.235,0,0
32,59,-259,-299,30,0,24.5158,0.235,0,0
11,33,-265,-291,42,0,33.0786,0.449,0,0
-9,11,-235,-296,58,0,49.2536,0.449,0,0
-25,-12,-181,-314,71,0,64.5426,0.501,0,0
-35,-32,-164,-316,86,0,77.4127,0.501,0,0
-48,-60,-137,-314,93,0,85.8069,0.449,0,0
-56,-83,-76,-310,101,0,93.2027,0.188,0,0
-61,-106,-57,-314,101,0,95.623,0.188,0,0
-63,-120,-39,-317,106,0,101.135,0.188,0,0
-63,118,-29,-251,108,0,85.621,0.431,0,0
-63,106,-13,-288,108,0,93.0879,0.431,0,0
-64,88,-6,-306,106,0,96.0046,0.403,0,0
-65,74,-11,-316,104,0,96.2099,0.403,0,0
-65,58,-11,-329,104,0,98.4076,0.403,0,0
-65,38,-10,-329,97,0,94.7524,0.392,0,0
-65,26,-6,-315,89,0,88.7664,0.392,0,0
-65,8,-2,-309,89,0,89.0749,0.392,0,0
-65,-8,-2,-316,81,0,84.0587,0.392,0,0
-65,-27,0,-315,81,0,84.5304,0.392,0,0
-65,-42,0,-315,73,0,79.0903,0.396,0,0
-65,-56,0,-316,73,0,79.4235,0.396,0,0
-66,-78,-2,-317,73,0,79.8768,0.424,0,0
-67,-90,-21,-319,64,0,70.2475,0.424,0,0
-70,-106,-60,-320,64,0,67.2178,0.424,0,0
-74,-126,-56,-311,55,0,60.7476,0.447,0,0
-77,117,-56,-312,49,0,65.7121,0.447,0,0
-79,101,-57,-315,42,0,60.7263,0.468,0,0
-83,83,-64,-313,42,0,57.06,0.468,0,0
-86,64,-74,-313,36,0,50.2874,0.468,0,0
-91,46,-77,-311,33,0,46.7443,0.612,0,0
-95,30,-85,-315,33,0,46.1973,0.612,0,0
-99,18,-98,-317,30,0,43.4455,0.606,0,0
-106,-1,-107,-315,30,0,43.2531,0.606,0,0
-109,-16,-116,-321,22,0,36.4987,0.606,0,0
-117,-34,-119,-315,19,0,34.384,0.57,0,0
-121,-46,-121,-314,19,0,34.4234,0.57,0,0
-127,-60,-129,-318,16,0,32.1317,0.547,0,0
122,-74,-144,-316,11,0,31.559,0.547,0,0
113,-92,-151,-317,11,0,29.6691,0.547,0,0
107,-104,-161,-317,7,0,24.5593,0.53,0,0
97,-124,-161,-315,4,0,21.4037,0.53,0,0
92,121,-171,-312,4,0,15.9256,0.53,0,0
79,100,-188,-315,4,0,14.0143,0.51,0,0
72,85,-206,-305,-2,0,6.14763,0.51,0,0
54,61,-211,-293,-4,0,3.99435,0.494,0,0
44,48,-223,-284,-4,0,2.6217,0.494,0,0
34,34,-248,-272,-5,0,-0.502254,0.474,0,0
16,18,-253,-266,-6,0,-2.22569,0.474,0,0
7,8,-258,-260,-6,0,-3.66332,0.459,0,0
-15,-13,-269,-251,-6,0,-7.2644,0.459,0,0
-27,-26,-257,-248,-6,0,-5.85187,0.459,0,0
-45,-42,-261,-250,-5,0,-5.3151,0.436,0,0
-54,-51,-271,-249,-5,0,-6.93898,0.436,0,0
-72,-68,-271,-241,-5,0,-8.04373,0.422,0,0
-93,-85,-270,-238,-4,0,-4.29607,0.422,0,0
-115,-106,-281,-232,-3,0,-1.0482,0.401,0,0
126,-117,-281,-232,-3,0,-3.47364,0.401,0,0
115,-128,-273,-248,-2,0,-0.240104,0.384,0,0
94,110,-265,-249,-2,0,-4.01909,0.384,0,0
86,102,-260,-244,-1,0,-2.8607,0.384,0,0
68,86,-266,-253,-1,0,-1.90316,0.361,0,0
58,77,-265,-248,-1,0,-2.15347,0.361,0,0
46,65,-262,-254,0,0,-0.629772,0.361,0,0
27,47,-263,-248,0,0,-1.331,0.348,0,0
14,34,-265,-254,0,0,-1.08122,0.348,0,0
-5,16,-264,-256,0,0,-1.25856,0.324,0,0
-14,6,-260,-251,0,0,-1.6057,0.324,0,0
-29,-7,-261,-256,0,0,-1.2033,0.314,0,0
-44,-22,-265,-248,0,0,-3.09813,0.314,0,0
-60,-38,-260,-250,1,0,-1.12677,0.348,0,0
-79,-54,-260,-254,1,0,-0.437001,0.348,0,0
-89,-65,-265,-253,1,0,0.813537,0.289,0,0
-106,-82,-261,-256,1,0,4.87511,0.289,0,0
-116,-91,-262,-251,2,0,6.98913,0.289,0,0
122,-109,-254,-265,2,0,6.05618,0.258,0,0
111,-120,-245,-265,2,0,7.00214,0.258,0,0
97,120,-246,-272,2,0,2.05106,0.235,0,0
82,104,-243,-279,1,0,2.80031,0.235,0,0
71,90,-245,-263,1,0,1.71887,0.235,0,0
54,72,-243,-261,1,0,1.96915,0.216,0,0
43,60,-252,-264,0,0,1.05176,0.216,0,0
31,49,-250,-260,0,0,0.978149,0.216,0,0
16,33,-252,-258,0,0,0.911583,0.197,0,0
6,18,-252,-262,0,0,1.37675,0.197,0,0
-9,7,-251,-264,0,0,2.08285,0.178,0,0
-20,-4,-250,-258,0,0,1.11652,0.178,0,0
-36,-22,-253,-265,0,0,1.58335,0.178,0,0
-48,-33,-254,-260,0,0,0.731861,0.176,0,0
-59,-46,-254,-264,-1,0,0.760809,0.176,0,0
-75,-61,-249,-261,-1,0,1.26214,0.176,0,0
-88,-76,-251,-264,-1,0,1.95025,0.176,0,0
-109,-98,-253,-259,-1,0,4.95902,0.13,0,0
-122,-114,-249,-262,-1,0,7.90953,0.13,0,0
112,122,-252,-264,-1,0,-1.42084,0.105,0,0
99,106,-240,-266,-1,0,0.958214,0.105,0,0
79,86,-245,-274,-1,0,1.73396,0.083,0,0
66,72,-246,-275,-2,0,1.29053,0.083,0,0
48,51,-243,-268,-3,0,0.650013,0.061,0,0
26,28,-251,-257,-3,0,-0.797242,0.061,0,0
15,16,-251,-263,-3,0,-0.274774,0.061,0,0
-2,-2,-252,-263,-3,0,-0.295094,0.041,0,0
-15,-13,-259,-254,-3,0,-2.97415,0.041,0,0
-25,-24,-260,-251,-3,0,-3.5753,0.024,0,0
-46,-44,-256,-253,-3,0,-2.49251,0.024,0,0
-61,-58,-264,-251,-3,0,-3.93816,0.012,0,0
-76,-73,-262,-253,-2,0,-2.43683,0.012,0,0
-89,-85,-261,-250,-2,0,0,-0.00699999,0,1
-114,-112,0,0,62,0,58.8089,0.176,0,0
-114,-112,0,0,62,0,58.8089,0.176,0,0
-114,-114,0,-179,62,0,74.0871,0.176,0,0
-118,120,-94,-345,102,0,99.5337,0.251,0,0
-125,96,-89,-325,102,0,98.6182,0.243,0,0
127,77,-64,-314,102,0,95.6286,0.243,0,0
125,61,-49,-267,107,0,92.5438,0.243,0,0
125,43,-14,-294,112,0,101.611,0.258,0,0
125,33,-14,-314,112,0,104.215,0.258,0,0
125,18,-6,-290,113,0,102.747,0.258,0,0
125,0,-2,-308,109,0,102.984,0.254,0,0
125,-14,0,-321,109,0,104.587,0.254,0,0
125,-37,0,-326,109,0,105.045,0.233,0,0
125,-48,0,-313,96,0,97.2292,0.233,0,0
125,-66,0,-316,96,0,97.7021,0.212,0,0
125,-82,0,-314,93,0,96.5612,0.212,0,0
125,-95,0,-311,85,0,93.495,0.212,0,0
125,-112,0,-306,85,0,93.3231,0.207,0,0
125,-126,0,-310,85,0,93.8397,0.207,0,0
125,116,0,-313,77,0,86.8234,0.207,0,0
125,96,0,-318,77,0,87.576,0.205,0,0
125,83,0,-314,69,0,82.9147,0.205,0,0
125,62,0,-316,61,0,79.683,0.207,0,0
125,50,0,-312,61,0,79.3598,0.207,0,0
124,34,-2,-313,61,0,79.7026,0.207,0,0
123,18,-19,-309,53,0,74.728,0.226,0,0
121,6,-54,-318,53,0,71.9727,0.226,0,0
118,-12,-55,-322,45,0,66.6512,0.304,0,0
115,-30,-51,-311,45,0,65.7455,0.304,0,0
113,-47,-38,-313,39,0,63.3741,0.304,0,0
109,-68,-50,-311,32,0,56.677,0.176,0,0
107,-80,-62,-317,32,0,55.7952,0.176,0,0
102,-104,-80,-314,25,0,48.1764,0.123,0,0
99,-119,-85,-316,25,0,47.6588,0.123,0,0
93,121,-94,-314,16,0,38.7577,0.1,0,0
87,101,-101,-313,16,0,38.0086,0.1,0,0
83,90,-106,-312,13,0,35.0165,0.1,0,0
75,69,-132,-311,13,0,31.0148,0.087,0,0
70,56,-140,-316,7,0,26.1221,0.087,0,0
63,40,-153,-311,3,0,20.542,0.062,0,0
53,22,-164,-315,3,0,19.7008,0.062,0,0
45,10,-182,-313,3,0,17.4618,0.062,0,0
33,-10,-200,-310,-1,0,13.1131,0.049,0,0
24,-24,-205,-314,-6,0,10.2248,0.049,0,0
10,-44,-222,-300,-6,0,7.69228,0.039,0,0
-1,-59,-229,-287,-7,0,4.58134,0.039,0,0
-12,-74,-234,-273,-8,0,1.81989,0.016,0,0
-33,-97,-236,-274,-10,0,0.472481,0.016,0,0
-48,-116,-249,-269,-11,0,0,-0.000999996,0,1
-63,124,0,0,-17,0,-8.1564,0.014,0,0
-63,124,0,0,-17,0,-8.1564,0.014,0,0
-64,123,-35,-55,-29,0,-10.764,0.396,0,0
-73,117,-223,-186,-55,0,-30.198,0.396,0,0
-86,106,-321,-255,-55,0,-33.7221,0.333,0,0
-115,83,-310,-246,-55,0,-33.7411,0.333,0,0
125,73,-310,-174,-86,0,-76.4411,0.333,0,0
111,66,-312,-149,-111,0,-96.1268,0.576,0,0
99,61,-309,-137,-111,0,-96.8172,0.576,0,0
82,56,-316,-60,-127,0,-113.923,0.413,0,0
63,56,-312,-42,-127,0,-113.144,0.413,0,0
51,56,-309,-4,-140,0,-118.574,0.413,0,0
36,56,-313,0,-140,0,-117.057,0.19,0,0
20,56,-284,2,-143,0,-110.159,0.19,0,0
10,57,-293,25,-141,0,-109.11,0.19,0,0
-15,60,-315,44,-141,0,-114.382,0.19,0,0
-25,60,-299,19,-138,0,-105.934,0.19,0,0
-43,60,-339,8,-133,0,-111.677,2.4,0,0
-56,60,-339,8,-127,0,-108.369,2.4,0,0
-73,60,-320,0,-127,0,-102.437,2.4,0,0
-97,60,-304,0,-121,0,-93.9242,0.368,0,0
-107,60,-302,0,-115,0,-90.2016,0.368,0,0
-128,60,-305,0,-110,0,-83.4748,0.235,0,0
111,60,-311,0,-110,0,-107.592,0.235,0,0
95,60,-311,0,-104,0,-103.539,0.235,0,0
82,60,-307,-2,-98,0,-98.9719,0.19,0,0
65,60,-317,-2,-98,0,-100.686,0.19,0,0
43,60,-314,-2,-91,0,-97.2123,0.176,0,0
31,60,-317,-2,-91,0,-97.1517,0.176,0,0
19,60,-320,0,-84,0,-94.5112,0.176,0,0
0,60,-310,0,-78,0,-89.0314,0.171,0,0
-15,60,-318,0,-78,0,-89.3165,0.171,0,0
-28,60,-315,0,-72,0,-84.633,0.171,0,0
-48,60,-309,0,-64,0,-77.6097,0.171,0,0
-67,59,-310,-2,-58,0,-69.415,0.171,0,0
-83,58,-314,-11,-58,0,-65.0739,0.321,0,0
-96,56,-309,-50,-51,0,-54.6326,0.321,0,0
-120,51,-318,-65,-45,0,-44.7042,0.34,0,0
118,48,-317,-76,-45,0,-61.2956,0.34,0,0
97,42,-316,-107,-41,0,-54.0033,0.36,0,0
87,38,-311,-114,-36,0,-48.7346,0.36,0,0
69,32,-315,-92,-36,0,-51.2924,0.36,0,0
53,27,-313,-90,-32,0,-48.1734,0.235,0,0
40,23,-315,-97,-28,0,-44.8577,0.235,0,0
10,14,-318,-100,-24,0,-42.5926,0.258,0,0
-3,10,-318,-113,-19,0,-37.3382,0.258,0,0
-27,1,-313,-124,-19,0,-36.1239,0.198,0,0
-40,-6,-320,-128,-15,0,-34.8906,0.198,0,0
-57,-12,-313,-139,-11,0,-29.141,0.198,0,0
-77,-21,-312,-145,-11,0,-26.0502,0.19,0,0
-89,-28,-322,-162,-7,0,-21.3203,0.19,0,0
-115,-40,-315,-171,-7,0,-16.0227,0.176,0,0
126,-48,-316,-185,-3,0,-15.2252,0.176,0,0
111,-58,-308,-204,0,0,-9.72702,0.152,0,0
91,-71,-305,-215,0,0,-7.54949,0.152,0,0
81,-82,-289,-227,3,0,-2.37484,0.152,0,0
60,-95,-285,-221,3,0,-2.63168,0.176,0,0
45,-108,-276,-249,6,0,3.49267,0.176,0,0
27,-124,-264,-253,7,0,6.01208,0.123,0,0
12,116,-254,-250,7,0,5.02625,0.123,0,0
-3,100,-249,-271,7,0,7.23272,0.101,0,0
-14,90,-245,-267,7,0,7.71779,0.101,0,0
-25,72,-242,-272,6,0,8.01874,0.083,0,0
-44,56,-241,-273,6,0,9.13194,0.083,0,0
-59,38,-240,-277,6,0,10.2038,0.067,0,0
-74,21,-235,-280,5,0,11.1469,0.067,0,0
-86,-2,-229,-280,5,0,11.6553,0.045,0,0
-106,-18,-232,-285,5,0,14.1709,0.045,0,0
-121,-37,-232,-287,3,0,15.5469,0.045,0,0
118,-58,-224,-283,3,0,11.4044,0.029,0,0
101,-81,-225,-288,1,0,10.3094,0.006,0,0
87,-100,-222,-293,0,0,10.574,0.006,0,0
76,-112,-223,-283,0,0,9.50921,0.006,0,0
62,126,-228,-283,0,0,0,-0.011,0,1
31,87,0,0,-34,0,-13.4948,0.207,0,0
31,87,-2,-2,-70,0,-25.6938,0.207,0,0
20,74,-295,-230,-99,0,-69.3205,0.262,0,0
1,64,-329,-241,-99,0,-71.3528,0.262,0,0
-17,54,-343,-87,-99,0,-90.8593,0.262,0,0
-33,52,-334,-47,-111,0,-100.206,0.277,0,0
-48,50,-315,-30,-111,0,-97.0368,0.277,0,0
-63,50,-279,-15,-117,0,-90.915,0.341,0,0
-76,50,-252,-7,-116,0,-83.781,0.341,0,0
-87,50,-308,-2,-116,0,-94.662,0.341,0,0
-107,50,-326,0,-112,0,-93.7009,0.239,0,0
-121,50,-331,-3,-107,0,-88.2636,0.239,0,0
118,49,-318,-15,-107,0,-105.771,0.233,0,0
101,49,-323,-15,-101,0,-102.43,0.233,0,0
87,49,-315,0,-93,0,-97.3705,0.233,0,0
64,49,-309,2,-93,0,-97.3812,0.239,0,0
53,49,-315,2,-86,0,-95.1312,0.239,0,0
35,49,-311,0,-81,0,-92.0489,0.199,0,0
19,49,-301,0,-81,0,-90.1008,0.199,0,0
4,49,-316,0,-75,0,-89.3782,0.199,0,0
-15,49,-315,0,-70,0,-85.2865,0.178,0,0
-29,49,-316,0,-70,0,-84.0397,0.178,0,0
-48,49,-316,-2,-64,0,-79.0155,0.171,0,0
-64,48,-316,-6,-57,0,-70.4198,0.171,0,0
-81,46,-308,-52,-51,0,-58.2672,0.171,0,0
-103,43,-322,-47,-46,0,-51.4505,0.171,0,0
-119,40,-303,-64,-46,0,-43.1559,0.171,0,0
113,34,-315,-90,-40,0,-56.4109,0.171,0,0
102,30,-310,-103,-35,0,-50.3333,0.171,0,0
83,24,-313,-97,-35,0,-50.3559,0.249,0,0
69,20,-318,-87,-30,0,-48.2251,0.249,0,0
55,16,-315,-91,-26,0,-44.1688,0.249,0,0
36,11,-319,-96,-23,0,-42.2131,0.283,0,0
25,7,-317,-100,-23,0,-41.1966,0.283,0,0
11,2,-313,-114,-19,0,-35.6219,0.283,0,0
-9,-5,-319,-128,-16,0,-33.387,0.283,0,0
-23,-12,-318,-141,-12,0,0,-0.02,0,1
-56,-26,0,0,47,0,29.8733,0.014,0,0
-56,-26,0,0,61,0,36.2938,0.338,0,0
-56,-26,-2,-9,61,0,36.6418,0.338,0,0
-59,-35,-121,-329,69,0,67.4745,0.321,0,0
-72,-60,-167,-334,69,0,68.5198,0.321,0,0
-78,-74,-120,-311,69,0,70.1474,0.321,0,0
-82,-93,-60,-331,69,0,73.548,0.305,0,0
-85,-108,-56,-316,67,0,72.9503,0.305,0,0
-87,127,-37,-295,64,0,77.1193,0.302,0,0
-89,114,-32,-322,61,0,76.6286,0.302,0,0
-91,98,-38,-312,61,0,74.6067,0.302,0,0
-93,80,-36,-324,57,0,72.0346,0.377,0,0
-95,62,-34,-314,50,0,66.9735,0.178,0,0
-97,37,-37,-318,43,0,59.8975,0.178,0,0
-99,24,-45,-310,43,0,58.0277,0.178,0,0
-102,10,-56,-316,36,0,51.1432,0.14,0,0
-106,-8,-71,-319,36,0,50.1155,0.14,0,0
-110,-24,-79,-309,36,0,49.7289,0.14,0,0
-114,-41,-90,-314,30,0,44.0677,0.091,0,0
-119,-54,-96,-309,30,0,44.0739,0.091,0,0
-124,-70,-106,-312,24,0,38.8183,0.077,0,0
123,-93,-116,-310,24,0,43.4624,0.077,0,0
119,-113,-135,-314,19,0,36.6381,0.055,0,0
107,124,-139,-320,14,0,30.4837,0.055,0,0
97,101,-139,-314,14,0,30.2599,0.034,0,0
91,88,-139,-309,9,0,26.0478,0.034,0,0
84,74,-153,-317,5,0,22.1018,0.034,0,0
75,54,-169,-320,4,0,19.5758,0.02,0,0
65,37,-177,-318,4,0,18.3475,0.02,0,0
57,19,-196,-310,0,0,12.5881,0.02,0,0
43,2,-209,-310,-4,0,0,-0.000999996,0,1
26,-29,0,0,-6,0,0.298721,0.079,0,0
26,-29,-3,0,-6,0,-0.21913,0.079,0,0
26,-29,-7,-17,2,0,6.39541,0.226,0,0
8,-48,-276,-288,11,0,10.1462,0.226,0,0
-1,-58,-281,-300,11,0,11.5235,0.226,0,0
-18,-76,-266,-293,13,0,14.9024,0.369,0,0
-26,-86,-250,-286,13,0,15.5368,0.369,0,0
-38,-100,-234,-284,14,0,17.4579,0.369,0,0
-55,-122,-211,-292,16,0,22.5749,0.493,0,0
-62,122,-213,-295,16,0,28.5803,0.493,0,0
-74,106,-206,-312,16,0,32.2548,0.586,0,0
-86,88,-189,-315,16,0,34.3244,0.586,0,0
-93,73,-166,-310,15,0,34.5198,0.586,0,0
-100,60,-131,-295,15,0,35.2996,0.594,0,0
-107,40,-113,-294,15,0,34.6198,0.594,0,0
-118,22,-173,-312,16,0,33.6566,0.594,0,0
-125,8,-170,-333,14,0,32.1127,0.594,0,0
123,-8,-161,-314,11,0,28.2757,0.594,0,0
113,-30,-149,-316,11,0,30.5279,0.579,0,0
104,-46,-162,-311,7,0,25.2381,0.579,0,0
92,-70,-160,-314,7,0,25.2633,0.57,0,0
87,-80,-165,-316,3,0,21.713,0.57,0,0
78,-97,-175,-318,1,0,19.0799,0.554,0,0
69,-115,-184,-314,-1,0,16.1519,0.554,0,0
57,125,-204,-309,-1,0,5.67291,0.554,0,0
49,112,-214,-304,-4,0,2.13341,0.525,0,0
37,96,-218,-298,-4,0,1.9555,0.525,0,0
27,78,-230,-273,-7,0,-2.48876,0.52,0,0
13,66,-239,-270,-7,0,-2.98269,0.52,0,0
3,54,-256,-253,-9,0,-6.40297,0.483,0,0
-15,36,-263,-259,-9,0,-7.06785,0.483,0,0
-32,22,-262,-245,-9,0,-8.64249,0.483,0,0
-53,3,-272,-235,-9,0,-11.4803,0.447,0,0
-66,-8,-274,-242,-8,0,-10.0598,0.447,0,0
-82,-23,-262,-239,-9,0,-9.43293,0.453,0,0
-95,-33,-272,-245,-11,0,-10.1947,0.453,0,0
-111,-49,-268,-244,-11,0,-5.98112,0.453,0,0
-127,-63,-260,-236,-11,0,-1.04754,0.375,0,0
115,-80,-283,-241,-20,0,-14.9142,0.341,0,0
94,-93,-292,-237,-26,0,-20.2779,0.341,0,0
74,-110,-301,-247,-26,0,-20.1253,0.377,0,0
47,125,-288,-222,-24,0,-21.1913,0.377,0,0
24,107,-304,-197,-21,0,-23.3817,0.323,0,0
6,97,-310,-198,-21,0,-24.5586,0.323,0,0
-15,84,-320,-202,-19,0,-24.6633,0.323,0,0
-33,73,-317,-198,-16,0,-24.2767,0.35,0,0
-58,58,-316,-192,-13,0,-24.3443,0.35,0,0
-78,44,-313,-186,-11,0,-23.3054,0.306,0,0
-99,32,-314,-190,-11,0,-19.4088,0.306,0,0
-116,22,-318,-184,-8,0,-15.4194,0.302,0,0
121,10,-309,-196,-6,0,-15.8138,0.302,0,0
109,2,-309,-210,-6,0,-13.5939,0.287,0,0
85,-14,-318,-212,-2,0,-11.8372,0.287,0,0
67,-25,-315,-202,3,0,-9.48965,0.287,0,0
50,-38,-325,-213,10,0,-4.76616,0.262,0,0
30,-50,-305,-215,10,0,-2.35094,0.262,0,0
18,-58,-284,-229,19,0,7.45854,0.258,0,0
1,-74,-266,-246,32,0,21.0668,0.258,0,0
-10,-84,-258,-264,32,0,24.187,0.289,0,0
-25,-101,-240,-284,49,0,39.3556,0.289,0,0
-37,-116,-235,-318,64,0,54.6516,0.289,0,0
-51,117,-168,-324,64,0,61.6526,0.341,0,0
-60,98,-130,-317,76,0,71.2814,0.341,0,0
-63,84,-83,-294,78,0,73.9393,0.304,0,0
-68,67,-56,-288,78,0,75.8593,0.304,0,0
-69,56,-34,-300,78,0,78.684,0.304,0,0
-70,32,-15,-319,73,0,78.0626,0.297,0,0
-71,18,-12,-322,73,0,78.3037,0.297,0,0
-72,4,-20,-315,65,0,71.7533,0.297,0,0
-74,-12,-37,-315,62,0,67.6756,0.306,0,0
-75,-25,-49,-312,57,0,61.7107,0.306,0,0
-79,-54,-61,-308,51,0,56.3158,0.233,0,0
-84,-69,-63,-305,51,0,57.4543,0.233,0,0
-89,-88,-86,-312,47,0,54.1356,0.222,0,0
-94,-107,-88,-317,48,0,55.9404,0.222,0,0
-99,-123,-85,-321,48,0,57.3922,0.233,0,0
-105,111,-83,-320,53,0,70.6015,0.233,0,0
-107,99,-84,-318,59,0,73.236,0.233,0,0
-112,80,-72,-329,62,0,76.0828,0.23,0,0
-116,63,-59,-319,62,0,76.2591,0.23,0,0
-118,47,-45,-296,60,0,74.8834,0.23,0,0
-119,31,-30,-309,58,0,75.8002,0.222,0,0
-119,16,-14,-318,58,0,77.7162,0.222,0,0
-119,-1,-6,-318,45,0,69.0388,0.184,0,0
-121,-19,-14,-314,45,0,66.5689,0.184,0,0
-123,-34,-62,-313,45,0,61.4094,0.184,0,0
-128,-55,-70,-303,38,0,55.2242,0.172,0,0
125,-66,-75,-303,38,0,57.4719,0.172,0,0
121,-86,-80,-315,32,0,53.9479,0.107,0,0
116,-102,-84,-312,32,0,52.8874,0.107,0,0
111,-117,-84,-315,26,0,48.8872,0.085,0,0
106,118,-89,-310,26,0,47.7369,0.085,0,0
103,107,-91,-323,20,0,44.2836,0.085,0,0
96,83,-101,-314,13,0,36.6075,0.059,0,0
91,72,-106,-319,13,0,36.7375,0.059,0,0
86,56,-116,-316,13,0,34.9301,0.059,0,0
80,44,-131,-311,9,0,29.0529,0.041,0,0
73,27,-139,-322,9,0,29.4483,0.041,0,0
67,12,-149,-315,4,0,23.6035,0.029,0,0
57,-6,-162,-310,-1,0,17.2727,0.029,0,0
50,-20,-184,-312,-1,0,15.5253,0.012,0,0
35,-45,-197,-310,-1,0,15.3196,0.012,0,0
26,-58,-217,-301,-5,0,9.08611,0.012,0,0
12,-77,-213,-295,-8,0,0,-0.003,0,1
