pos_izq,pos_der,vel_izq,vel_der,yaw,error_traj,delta_v,dist_restante
0,0,0,0,0,0,0,0.403
0,0,0,0,0,0,0,0.403
0,0,-3,-3,0,0,0,0.403
-4,-5,-166,-213,0,0,0,0.403
-16,-19,-280,-301,1,0.277778,1.81818,0.403
-43,-44,-369,-359,1,0.277778,1.81818,0.385
-57,-59,-355,-344,1,0.277778,1.81818,0.385
-83,-84,-301,-315,1,0.277778,1.81818,0.361
-106,-113,-283,-300,1,0.277778,1.81818,0.348
-128,124,-288,-314,0,0,0,0.348
113,105,-298,-315,0,0,0,0.319
92,85,-301,-320,0,0,0,0.319
74,65,-310,-313,0,0,0,0.319
60,52,-312,-317,-1,-0.277778,-1.81818,0.298
41,33,-311,-317,-1,-0.277778,-1.81818,0.298
30,21,-315,-315,-1,-0.277778,-1.81818,0.298
8,-1,-316,-297,-1,-0.277778,-1.81818,0.277
-10,-21,-318,-293,-1,-0.277778,-1.81818,0.277
-33,-39,-317,-294,0,0,0,0.26
-54,-59,-310,-295,0,0,0,0.241
-73,-76,-310,-297,0,0,0,0.241
-87,-93,-319,-312,1,0.277778,1.81818,0.241
-107,-110,-318,-320,1,0.277778,1.81818,0.205
-124,-127,-315,-316,1,0.277778,1.81818,0.205
117,113,-299,-312,1,0.277778,1.81818,0.179
99,95,-294,-318,1,0.277778,1.81818,0.179
83,75,-292,-313,1,0.277778,1.81818,0.179
64,58,-292,-314,1,0.277778,1.81818,0.176
46,38,-297,-312,1,0.277778,1.81818,0.148
25,15,-298,-314,0,0,0,0.148
8,-5,-296,-314,0,0,0,0.148
-14,-25,-300,-317,0,0,0,0.121
-27,-44,-306,-313,-1,-0.277778,-1.81818,0.121
-48,-58,-312,-316,-1,-0.277778,-1.81818,0.099
-68,-81,-312,-310,-1,-0.277778,-1.81818,0.099
-94,-106,-321,-292,-1,-0.277778,-1.81818,0.07
-112,-123,-312,-291,-1,-0.277778,-1.81818,0.07
122,113,-313,-299,0,0,0,0.048
110,103,-320,-294,0,0,0,0.048
88,82,-315,-299,1,0.277778,1.81818,0.041
71,65,-314,-310,1,0.277778,1.81818,0.041
47,39,-314,-322,1,0.277778,1.81818,0.02
30,24,-302,-316,1,0.277778,1.81818,0.02
-29,-41,0,0,3,0.833333,5.20155,0.099
-29,-41,0,0,5,1.38889,8.35758,0.249
-30,-42,-32,-212,4,1.11111,6.80481,0.249
-44,-57,-266,-339,4,1.11111,6.80481,0.375
-67,-84,-297,-332,5,1.38889,8.35758,0.375
-91,-111,-266,-312,1,0.277778,1.81818,0.499
120,92,-260,-312,-5,-1.38889,-8.35758,0.594
104,73,-288,-314,-5,-1.38889,-8.35758,0.594
90,58,-301,-315,-7,-1.94444,-11.254,0.636
79,47,-314,-265,-8,-2.22222,-12.6345,0.636
61,33,-313,-220,-8,-2.22222,-12.6345,0.662
38,16,-281,-222,-9,-2.5,-13.99,0.662
26,6,-298,-260,-10,-2.77778,-15.2774,0.658
0,-16,-326,-250,-9,-2.5,-13.99,0.658
-18,-29,-317,-230,-9,-2.5,-13.99,0.634
-39,-45,-325,-228,-5,-1.38889,-8.35758,0.634
-60,-59,-314,-230,-4,-1.11111,-6.80481,0.607
-84,-79,-319,-254,-2,-0.555556,-3.55942,0.607
-105,-93,-310,-262,-2,-0.555556,-3.55942,0.607
-125,-113,-320,-282,-1,-0.277778,-1.81818,0.607
114,-126,-315,-287,0,0,0,0.572
95,113,-317,-287,0,0,0,0.572
77,96,-318,-303,1,0.277778,1.81818,0.556
55,75,-319,-311,1,0.277778,1.81818,0.556
33,52,-310,-320,1,0.277778,1.81818,0.527
14,33,-299,-319,1,0.277778,1.81818,0.527
-4,15,-295,-304,1,0.277778,1.81818,0.527
-20,-2,-292,-311,1,0.277778,1.81818,0.501
-31,-18,-297,-319,1,0.277778,1.81818,0.501
-52,-37,-296,-309,1,0.277778,1.81818,0.476
-67,-57,-292,-315,1,0.277778,1.81818,0.476
-82,-69,-291,-320,0,0,0,0.462
-96,-84,-296,-314,0,0,0,0.462
-112,-101,-298,-316,0,0,0,0.44
123,-123,-303,-309,0,0,0,0.44
111,120,-316,-321,0,0,0,0.417
92,103,-319,-322,0,0,0,0.417
80,87,-311,-318,-1,-0.277778,-1.81818,0.417
58,65,-313,-316,0,0,0,0.396
39,49,-313,-305,0,0,0,0.396
22,31,-317,-298,0,0,0,0.369
1,12,-313,-310,0,0,0,0.369
-15,-3,-310,-307,0,0,0,0.369
-31,-21,-324,-321,0,0,0,0.369
-51,-41,-316,-312,1,0.277778,1.81818,0.354
-77,-65,-318,-312,1,0.277778,1.81818,0.333
-88,-76,-312,-317,1,0.277778,1.81818,0.333
-115,-105,-294,-314,1,0.277778,1.81818,0.368
122,-125,-288,-314,0,0,0,0.368
98,105,-293,-315,0,0,0,0.27
86,93,-304,-319,0,0,0,0.27
60,67,-310,-314,0,0,0,0.27
44,50,-316,-318,0,0,0,0.251
29,33,-317,-320,0,0,0,0.251
13,19,-316,-311,0,0,0,0.251
-2,-1,-316,-310,0,0,0,0.222
-23,-16,-310,-315,0,0,0,0.199
-37,-33,-310,-321,0,0,0,0.199
-62,-56,-314,-316,0,0,0,0.199
-76,-73,-320,-315,0,0,0,0.176
-100,-94,-317,-318,1,0.277778,1.81818,0.176
-114,-108,-315,-315,1,0.277778,1.81818,0.176
120,126,-319,-315,1,0.277778,1.81818,0.17
102,108,-313,-319,1,0.277778,1.81818,0.14
52,56,-288,-315,1,0.277778,1.81818,0.109
36,38,-289,-312,0,0,0,0.089
19,20,-291,-315,0,0,0,0.067
-2,-3,-294,-317,-1,-0.277778,-1.81818,0.041
-14,-19,-298,-314,-1,-0.277778,-1.81818,0.024
-34,-41,-286,-316,-1,-0.277778,-1.81818,0.024
-51,-55,-297,-318,-1,-0.277778,-1.81818,0.024
-67,-72,-298,-317,-2,-0.555556,-3.55942,0.024
-80,-87,-292,-314,-2,-0.555556,-3.55942,0.024
-90,-99,-296,-316,-2,-0.555556,-3.55942,0.024
-116,-125,-294,-315,-2,-0.555556,-3.55942,0.024
120,105,-291,-306,-3,-0.833333,-5.20155,0.006
99,87,-297,-309,-3,-0.833333,-5.20155,0.006
52,23,0,0,-6,-1.66667,-9.83532,0.006
52,23,0,0,-6,-1.66667,-9.83532,0.006
52,23,-18,-7,-8,-2.22222,-12.6345,0.171
44,18,-296,-246,-6,-1.66667,-9.83532,0.171
23,1,-357,-289,-3,-0.833333,-5.20155,0.325
1,-16,-347,-266,-3,-0.833333,-5.20155,0.325
-18,-34,-319,-265,1,0.277778,1.81818,0.516
-40,-50,-312,-282,2,0.555556,3.55942,0.516
-52,-63,-298,-304,1,0.277778,1.81818,0.516
-68,-79,-287,-318,1,0.277778,1.81818,0.622
-82,-95,-292,-321,-4,-1.11111,-6.80481,0.622
-104,-117,-291,-267,-9,-2.5,-13.99,0.715
-116,127,-257,-246,-9,-2.5,-13.99,0.715
119,107,-287,-255,-8,-2.22222,-12.6345,0.733
101,93,-352,-270,-8,-2.22222,-12.6345,0.733
75,73,-334,-255,-6,-1.66667,-9.83532,0.722
62,63,-320,-246,-6,-1.66667,-9.83532,0.722
37,43,-307,-243,-4,-1.11111,-6.80481,0.689
24,33,-309,-247,-4,-1.11111,-6.80481,0.689
6,18,-315,-265,-2,-0.555556,-3.55942,0.673
-12,2,-321,-269,-1,-0.277778,-1.81818,0.673
-30,-13,-314,-283,-1,-0.277778,-1.81818,0.673
-50,-29,-317,-288,0,0,0,0.65
-68,-46,-314,-294,1,0.277778,1.81818,0.622
-94,-70,-322,-301,1,0.277778,1.81818,0.622
-104,-81,-308,-314,2,0.555556,3.55942,0.622
-128,-107,-296,-314,2,0.555556,3.55942,0.6
114,-120,-302,-311,2,0.555556,3.55942,0.6
98,119,-292,-314,2,0.555556,3.55942,0.584
86,103,-276,-313,1,0.277778,1.81818,0.584
70,85,-283,-318,1,0.277778,1.81818,0.564
46,61,-286,-317,1,0.277778,1.81818,0.564
36,50,-288,-316,0,0,0,0.564
13,25,-295,-313,-1,-0.277778,-1.81818,0.539
2,14,-300,-314,-1,-0.277778,-1.81818,0.539
-17,-9,-308,-307,-1,-0.277778,-1.81818,0.516
-33,-25,-307,-297,-1,-0.277778,-1.81818,0.516
-48,-39,-319,-295,0,0,0,0.495
-80,-66,-324,-295,0,0,0,0.495
-98,-84,-313,-303,0,0,0,0.495
-116,-100,-312,-307,1,0.277778,1.81818,0.466
124,-117,-315,-321,1,0.277778,1.81818,0.466
105,121,-314,-319,1,0.277778,1.81818,0.448
90,105,-299,-309,1,0.277778,1.81818,0.448
72,85,-292,-314,1,0.277778,1.81818,0.419
56,69,-288,-312,1,0.277778,1.81818,0.419
45,57,-293,-313,0,0,0,0.419
24,35,-292,-316,0,0,0,0.403
10,15,-308,-308,0,0,0,0.403
-14,-4,-315,-319,0,0,0,0.384
-32,-22,-321,-319,0,0,0,0.384
-49,-41,-321,-315,0,0,0,0.354
-66,-57,-313,-314,0,0,0,0.354
-79,-73,-315,-315,0,0,0,0.34
-100,-91,-313,-309,0,0,0,0.34
-118,-109,-313,-314,0,0,0,0.359
118,-128,-316,-315,0,0,0,0.359
98,107,-312,-320,0,0,0,0.359
84,93,-317,-311,1,0.277778,1.81818,0.31
65,73,-315,-314,1,0.277778,1.81818,0.283
40,48,-306,-315,1,0.277778,1.81818,0.283
26,34,-301,-316,1,0.277778,1.81818,0.283
5,12,-292,-313,1,0.277778,1.81818,0.249
-7,-2,-291,-310,0,0,0,0.249
-21,-16,-295,-317,0,0,0,0.226
-42,-37,-302,-319,0,0,0,0.226
-52,-51,-310,-313,0,0,0,0.226
-78,-74,-317,-315,0,0,0,0.203
-88,-85,-320,-318,0,0,0,0.203
-109,-105,-316,-315,0,0,0,0.18
-124,-120,-313,-315,0,0,0,0.18
110,110,-316,-311,0,0,0,0.171
78,81,-318,-315,0,0,0,0.171
52,56,-318,-319,0,0,0,0.131
34,31,-314,-313,0,0,0,0.131
5,9,-314,-316,0,0,0,0.101
-22,-19,-317,-318,0,0,0,0.101
-47,-43,-310,-315,0,0,0,0.078
-74,-73,-318,-313,1,0.277778,1.81818,0.078
-93,-91,-320,-323,1,0.277778,1.81818,0.047
-116,-113,-311,-312,1,0.277778,1.81818,0.047
124,127,-292,-314,1,0.277778,1.81818,0.025
102,103,-292,-317,1,0.277778,1.81818,0.025
84,83,-293,-314,1,0.277778,1.81818,0.004
65,64,-299,-319,0,0,0,0.004
51,49,-291,-307,0,0,0,0.004
17,14,0,-2,0,0,0,0.054
17,14,0,0,-7,-1.94444,-11.254,0.054
17,13,0,-42,-7,-1.94444,-11.254,0.171
17,5,0,-295,-16,-4.44444,-22.3542,0.171
17,-13,0,-294,-16,-4.44444,-22.3542,0.39
17,-23,0,-270,-27,-7.5,-33.2604,0.39
17,-32,0,-229,-27,-7.5,-33.2604,0.39
17,-44,0,-195,-34,-9.44444,-39.5203,0.459
16,-54,-17,-176,-45,-12.5,-49.2201,0.459
0,-66,-436,-132,-52,-14.4444,-55.5669,0.176
-38,-74,-390,-117,-60,-16.6667,-63.0513,0.176
-57,-78,-218,-66,-67,-18.6111,-69.8828,0.146
-70,-83,-249,-96,-67,-18.6111,-69.8828,0.146
-81,-87,-297,-73,-68,-18.8889,-70.9055,0.146
-102,-91,-316,-58,-68,-18.8889,-70.9055,0.409
-112,-93,-318,-64,-63,-17.5,-65.932,0.409
123,-97,-326,-44,-57,-15.8333,-60.2182,0.413
98,-100,-317,-56,-52,-14.4444,-55.5669,0.413
80,-104,-320,-72,-52,-14.4444,-55.5669,0.476
57,-109,-316,-79,-47,-13.0556,-51.0306,0.476
41,-114,-303,-88,-42,-11.6667,-46.5476,0.484
22,-119,-305,-83,-42,-11.6667,-46.5476,0.484
10,-125,-306,-101,-36,-10,-41.2785,0.484
-13,124,-309,-108,-31,-8.61111,-36.8703,0.472
-35,117,-307,-112,-31,-8.61111,-36.8703,0.472
-54,110,-312,-126,-27,-7.5,-33.2604,0.479
-67,105,-320,-138,-27,-7.5,-33.2604,0.479
-89,94,-315,-153,-22,-6.11111,-28.5334,0.479
-103,87,-317,-160,-18,-5,-24.4869,0.479
-121,78,-319,-165,-15,-4.16667,-21.2415,0.479
112,66,-312,-169,-15,-4.16667,-21.2415,0.479
99,58,-319,-198,-11,-3.05556,-16.5345,0.705
74,43,-315,-202,-8,-2.22222,-12.6345,0.705
61,34,-316,-213,-5,-1.38889,-8.35758,0.705
34,16,-314,-222,-5,-1.38889,-8.35758,0.684
14,-1,-316,-258,-3,-0.833333,-5.20155,0.684
-1,-11,-319,-261,-1,-0.277778,-1.81818,0.66
-17,-25,-323,-264,-1,-0.277778,-1.81818,0.66
-36,-41,-317,-284,0,0,0,0.638
-56,-59,-309,-289,0,0,0,0.638
-72,-77,-318,-304,1,0.277778,1.81818,0.612
-91,-95,-319,-313,1,0.277778,1.81818,0.612
-108,-111,-311,-319,1,0.277778,1.81818,0.612
127,124,-300,-317,2,0.555556,3.55942,0.6
111,109,-298,-307,2,0.555556,3.55942,0.6
96,93,-291,-309,1,0.277778,1.81818,0.571
82,77,-289,-319,1,0.277778,1.81818,0.571
70,63,-286,-311,1,0.277778,1.81818,0.554
52,44,-286,-312,1,0.277778,1.81818,0.554
40,31,-294,-318,1,0.277778,1.81818,0.554
20,10,-289,-317,0,0,0,0.535
10,-2,-289,-316,0,0,0,0.535
-12,-27,-292,-314,0,0,0,0.511
-38,-53,-305,-315,-1,-0.277778,-1.81818,0.511
-68,-83,-316,-318,-1,-0.277778,-1.81818,0.489
-95,-113,-317,-316,-1,-0.277778,-1.81818,0.459
116,101,-309,-294,0,0,0,0.441
93,81,-314,-295,0,0,0,0.441
62,49,-315,-304,0,0,0,0.421
43,33,-314,-307,1,0.277778,1.81818,0.401
22,12,-321,-321,1,0.277778,1.81818,0.401
4,-8,-317,-314,1,0.277778,1.81818,0.382
-16,-27,-315,-312,2,0.555556,3.55942,0.382
-33,-42,-298,-309,2,0.555556,3.55942,0.361
-52,-63,-291,-313,1,0.277778,1.81818,0.361
-65,-77,-286,-313,1,0.277778,1.81818,0.361
-77,-90,-282,-312,1,0.277778,1.81818,0.35
-95,-110,-284,-312,1,0.277778,1.81818,0.35
-113,126,-293,-320,0,0,0,0.338
126,108,-291,-320,0,0,0,0.338
115,95,-292,-311,0,0,0,0.338
94,75,-312,-317,-1,-0.277778,-1.81818,0.293
84,64,-312,-318,0,0,0,0.293
63,43,-317,-307,0,0,0,0.275
48,28,-319,-305,0,0,0,0.275
31,5,-312,-309,0,0,0,0.247
4,-15,-319,-319,0,0,0,0.247
-14,-36,-317,-317,0,0,0,0.222
-32,-51,-315,-314,0,0,0,0.222
-46,-65,-314,-319,0,0,0,0.222
-64,-85,-315,-315,0,0,0,0.199
-83,-102,-313,-310,0,0,0,0.199
-99,-121,-318,-317,0,0,0,0.18
-121,115,-319,-316,0,0,0,0.18
116,97,-313,-316,1,0.277778,1.81818,0.171
96,77,-315,-315,1,0.277778,1.81818,0.171
82,63,-313,-311,1,0.277778,1.81818,0.171
64,43,-294,-311,1,0.277778,1.81818,0.138
47,24,-292,-312,1,0.277778,1.81818,0.109
22,1,-293,-318,1,0.277778,1.81818,0.109
11,-13,-288,-311,0,0,0,0.109
-6,-31,-296,-315,0,0,0,0.086
-20,-47,-299,-317,0,0,0,0.086
-36,-66,-306,-321,-1,-0.277778,-1.81818,0.071
-58,-85,-319,-317,-1,-0.277778,-1.81818,0.071
-74,-101,-315,-295,0,0,0,0.045
-98,-123,-315,-295,0,0,0,0.045
-120,110,-314,-311,0,0,0,0.024
117,93,-316,-313,0,0,0,0.024
94,68,-313,-318,0,0,0,0.006
72,48,-318,-313,1,0.277778,1.81818,0.006
56,33,-319,-316,1,0.277778,1.81818,0.006
-9,-35,3,0,-14,-3.88889,-20.106,0.029
-9,-35,0,0,-32,-8.88889,-37.7596,0.029
-11,-35,-23,0,-36,-10,-41.2785,0.029
-20,-39,-296,-146,-37,-10.2778,-42.1515,0.029
-44,-49,-354,-111,-43,-11.9444,-47.4405,0.176
-62,-55,-297,-107,-49,-13.6111,-52.8332,0.176
-76,-62,-290,-134,-47,-13.0556,-51.0306,0.384
-100,-71,-360,-136,-47,-13.0556,-51.0306,0.384
-116,-77,-316,-112,-45,-12.5,-49.2201,0.176
120,-83,-296,-88,-42,-11.6667,-46.5476,0.176
102,-89,-312,-90,-39,-10.8333,-43.9059,0.176
86,-93,-305,-103,-35,-9.72222,-40.4012,0.176
71,-99,-304,-108,-35,-9.72222,-40.4012,0.176
57,-105,-307,-116,-31,-8.61111,-36.8703,0.405
33,-113,-306,-122,-27,-7.5,-33.2604,0.405
15,-121,-321,-135,-24,-6.66667,-30.4597,0.059
-6,126,-324,-140,-24,-6.66667,-30.4597,0.059
-20,119,-316,-157,-20,-5.55556,-26.549,0.045
-49,105,-317,-160,-16,-4.44444,-22.3542,0.045
-70,94,-313,-155,-12,-3.33333,-17.7622,0.016
-94,79,-312,-170,-8,-2.22222,-12.6345,0.016
100,45,0,0,-44,-12.2222,-48.3333,0.369
100,45,0,0,-44,-12.2222,-48.3333,0.369
97,44,-206,-64,-42,-11.6667,-46.5476,0.375
77,37,-329,-113,-43,-11.9444,-47.4405,0.375
59,31,-279,-112,-42,-11.6667,-46.5476,0.375
41,25,-344,-118,-39,-10.8333,-43.9059,0.375
24,19,-306,-112,-36,-10,-41.2785,0.375
-4,8,-305,-99,-36,-10,-41.2785,0.375
-16,5,-305,-118,-31,-8.61111,-36.8703,0.375
-33,-3,-311,-127,-28,-7.77778,-34.1744,0.186
-47,-9,-315,-132,-25,-6.94444,-31.4037,0.186
-65,-20,-318,-138,-22,-6.11111,-28.5334,0.186
-89,-27,-314,-148,-18,-5,-24.4869,0.186
-107,-37,-319,-162,-18,-5,-24.4869,0.186
-122,-46,-315,-168,-14,-3.88889,-20.106,0.186
92,-69,0,0,42,11.6667,46.5476,0.417
92,-69,0,0,42,11.6667,46.5476,0.417
92,-69,0,0,47,13.0556,51.0306,0.484
88,-74,-98,-164,49,13.6111,52.8332,0.484
82,-93,-113,-346,43,11.9444,47.4405,0.594
74,-113,-104,-346,43,11.9444,47.4405,0.594
70,-126,-99,-323,37,10.2778,42.1515,0.594
63,107,-102,-312,41,11.3889,45.6629,0.57
58,93,-111,-315,41,11.3889,45.6629,0.57
48,69,-124,-315,39,10.8333,43.9059,0.57
44,55,-119,-310,39,10.8333,43.9059,0.666
39,43,-81,-230,39,10.8333,43.9059,0.668
31,23,-114,-300,39,10.8333,43.9059,0.668
25,5,-142,-348,37,10.2778,42.1515,0.668
16,-14,-139,-323,37,10.2778,42.1515,0.644
10,-30,-126,-318,34,9.44444,39.5203,0.644
5,-45,-116,-319,29,8.05556,35.0802,0.614
-7,-74,-129,-314,27,7.5,33.2604,0.614
-17,-97,-139,-320,27,7.5,33.2604,0.604
-24,-113,-147,-313,22,6.11111,28.5334,0.604
-33,122,-151,-312,17,4.72222,23.4314,0.58
-41,107,-154,-313,15,4.16667,21.2415,0.58
-48,92,-164,-321,15,4.16667,21.2415,0.58
-61,67,-172,-316,10,2.77778,15.2774,0.562
-71,53,-192,-303,10,2.77778,15.2774,0.562
-86,29,-202,-316,6,1.66667,9.83532,0.545
-94,16,-203,-321,2,0.555556,3.55942,0.545
-108,-5,-224,-325,2,0.555556,3.55942,0.52
-123,-24,-246,-308,0,0,0,0.52
123,-37,-273,-316,-1,-0.277778,-1.81818,0.504
102,-62,-289,-324,-3,-0.833333,-5.20155,0.504
87,-77,-313,-321,-3,-0.833333,-5.20155,0.504
72,-91,-319,-302,-3,-0.833333,-5.20155,0.482
60,-103,-320,-300,-3,-0.833333,-5.20155,0.482
38,-122,-317,-284,-3,-0.833333,-5.20155,0.453
19,116,-311,-276,-2,-0.555556,-3.55942,0.453
1,99,-315,-280,-1,-0.277778,-1.81818,0.431
-24,78,-318,-287,-1,-0.277778,-1.81818,0.431
-43,61,-320,-296,-1,-0.277778,-1.81818,0.431
-60,45,-307,-286,0,0,0,0.411
-76,30,-320,-293,1,0.277778,1.81818,0.411
-94,13,-315,-297,1,0.277778,1.81818,0.388
-114,-9,-312,-312,2,0.555556,3.55942,0.388
114,-34,-300,-311,2,0.555556,3.55942,0.369
104,-45,-285,-309,2,0.555556,3.55942,0.369
82,-68,-287,-311,2,0.555556,3.55942,0.348
64,-89,-282,-317,2,0.555556,3.55942,0.348
45,-111,-284,-317,1,0.277778,1.81818,0.341
31,-125,-281,-317,0,0,0,0.341
15,113,-285,-316,0,0,0,0.323
0,97,-289,-313,0,0,0,0.323
-14,81,-311,-320,-1,-0.277778,-1.81818,0.323
-28,67,-317,-322,-1,-0.277778,-1.81818,0.297
-41,52,-319,-316,-1,-0.277778,-1.81818,0.297
-62,35,-317,-299,-1,-0.277778,-1.81818,0.266
-78,19,-314,-294,-1,-0.277778,-1.81818,0.266
-94,3,-314,-295,0,0,0,0.243
-118,-19,-312,-295,0,0,0,0.243
124,-37,-314,-308,1,0.277778,1.81818,0.216
98,-58,-321,-318,1,0.277778,1.81818,0.216
83,-72,-319,-315,1,0.277778,1.81818,0.216
62,-93,-318,-315,1,0.277778,1.81818,0.19
48,-107,-308,-316,1,0.277778,1.81818,0.19
28,127,-299,-310,1,0.277778,1.81818,0.171
14,113,-295,-312,1,0.277778,1.81818,0.171
-2,97,-285,-309,1,0.277778,1.81818,0.171
-12,86,-292,-315,1,0.277778,1.81818,0.171
-24,73,-295,-316,1,0.277778,1.81818,0.171
-43,49,-287,-319,0,0,0,0.136
-64,29,-295,-308,0,0,0,0.136
-84,6,-308,-316,0,0,0,0.107
-104,-11,-311,-316,0,0,0,0.107
-124,-34,-317,-320,0,0,0,0.085
119,-47,-318,-315,0,0,0,0.085
99,-65,-317,-315,0,0,0,0.085
76,-87,-315,-312,0,0,0,0.062
65,-103,-311,-316,0,0,0,0.04
38,-125,-314,-317,0,0,0,0.04
15,107,-315,-319,0,0,0,0.033
-1,85,-316,-314,0,0,0,0.033
-56,35,0,2,2,0.555556,3.55942,0.006
-56,35,0,0,10,2.77778,15.2774,0.006
-56,35,0,-3,10,2.77778,15.2774,0.006
-56,35,0,-3,31,8.61111,36.8703,0.171
-61,26,-179,-220,58,16.1111,61.1604,0.171
-74,10,-255,-351,80,22.2222,75,0.19
-82,-7,-184,-349,99,27.5,75,0.19
-94,-27,-126,-325,99,27.5,75,0.312
-97,-45,-39,-314,114,31.6667,75,0.312
-97,-64,-18,-314,126,35,75,0.333
-100,-81,-40,-309,132,36.6667,75,0.333
-101,-95,-33,-203,133,36.9444,75,0.333
-102,-111,-19,-321,133,36.9444,75,0.356
-104,125,-48,-357,132,36.6667,75,0.356
-108,105,-61,-327,126,35,75,0.325
-110,89,-45,-324,126,35,75,0.325
-112,69,-38,-309,115,31.9444,75,0.293
-114,52,-37,-314,115,31.9444,75,0.293
-116,33,-40,-311,112,31.1111,75,0.268
-119,17,-43,-320,105,29.1667,75,0.268
-121,-2,-44,-313,105,29.1667,75,0.253
-125,-23,-43,-319,98,27.2222,75,0.253
-127,-48,-45,-314,92,25.5556,75,0.239
126,-63,-41,-315,92,25.5556,75,0.239
123,-83,-40,-318,85,23.6111,75,0.239
122,-97,-39,-310,78,21.6667,75,0.233
120,-111,-41,-307,78,21.6667,75,0.233
118,-125,-45,-313,78,21.6667,75,0.23
114,106,-43,-315,71,19.7222,73.9619,0.23
112,92,-45,-318,65,18.0556,67.9111,0.23
110,74,-41,-308,65,18.0556,67.9111,0.232
108,60,-43,-314,58,16.1111,61.1604,0.232
105,43,-51,-325,58,16.1111,61.1604,0.254
102,24,-54,-312,55,15.2778,58.3435,0.254
100,9,-66,-310,51,14.1667,54.6597,0.254
96,-6,-77,-319,51,14.1667,54.6597,0.302
92,-21,-76,-317,44,12.2222,48.3333,0.302
86,-41,-86,-316,38,10.5556,43.0236,0.59
83,-52,-91,-319,38,10.5556,43.0236,0.59
78,-69,-106,-313,32,8.88889,37.7596,0.547
69,-93,-118,-321,32,8.88889,37.7596,0.547
64,-107,-126,-308,25,6.94444,31.4037,0.527
54,127,-136,-309,25,6.94444,31.4037,0.527
48,114,-137,-297,22,6.11111,28.5334,0.527
41,98,-146,-304,19,5.27778,25.5253,0.503
32,79,-159,-310,17,4.72222,23.4314,0.503
24,61,-174,-309,14,3.88889,20.106,0.503
10,34,-189,-319,10,2.77778,15.2774,0.483
-6,11,-196,-324,7,1.94444,11.254,0.464
-18,-5,-211,-319,7,1.94444,11.254,0.464
-26,-19,-232,-318,6,1.66667,9.83532,0.464
-39,-37,-243,-317,3,0.833333,5.20155,0.44
-53,-51,-248,-314,1,0.277778,1.81818,0.424
-68,-69,-252,-320,1,0.277778,1.81818,0.424
-79,-85,-273,-315,1,0.277778,1.81818,0.424
-93,-101,-277,-319,0,0,0,0.424
-110,-118,-286,-322,-1,-0.277778,-1.81818,0.404
-123,123,-293,-316,-1,-0.277778,-1.81818,0.404
115,105,-289,-318,-2,-0.555556,-3.55942,0.386
98,86,-298,-307,-2,-0.555556,-3.55942,0.386
85,73,-316,-299,-2,-0.555556,-3.55942,0.386
62,50,-319,-294,-2,-0.555556,-3.55942,0.367
41,31,-313,-288,-2,-0.555556,-3.55942,0.367
23,13,-310,-283,-1,-0.277778,-1.81818,0.356
7,1,-315,-285,-1,-0.277778,-1.81818,0.356
-12,-18,-316,-285,0,0,0,0.338
-27,-31,-316,-290,0,0,0,0.338
-50,-51,-313,-304,1,0.277778,1.81818,0.305
-66,-67,-316,-311,1,0.277778,1.81818,0.305
-88,-89,-321,-314,1,0.277778,1.81818,0.305
-102,-105,-304,-318,1,0.277778,1.81818,0.277
-119,-120,-297,-312,1,0.277778,1.81818,0.277
121,119,-295,-311,1,0.277778,1.81818,0.251
103,99,-294,-313,1,0.277778,1.81818,0.251
89,81,-290,-316,1,0.277778,1.81818,0.226
74,68,-297,-320,1,0.277778,1.81818,0.226
58,51,-294,-314,1,0.277778,1.81818,0.226
40,32,-292,-312,0,0,0,0.203
22,13,-297,-305,0,0,0,0.179
-14,-27,-309,-328,0,0,0,0.179
-60,-72,-317,-313,-1,-0.277778,-1.81818,0.176
-92,-123,-315,-319,-1,-0.277778,-1.81818,0.132
120,107,-315,-314,-1,-0.277778,-1.81818,0.132
56,42,-318,-317,-1,-0.277778,-1.81818,0.049
16,-31,-316,-295,0,0,0,0.024
100,89,0,0,2,0.555556,3.55942,0.004
100,89,0,0,-12,-3.33333,-17.7622,0.004
100,89,0,0,-29,-8.05556,-35.0802,0.171
100,89,0,0,-29,-8.05556,-35.0802,0.508
99,88,-260,-115,-43,-11.9444,-47.4405,0.508
62,69,-341,-155,-75,-20.8333,-75,0.329
27,61,-322,-146,-105,-29.1667,-75,0.329
8,51,-310,-122,-105,-29.1667,-75,0.198
-18,43,-307,-66,-105,-29.1667,-75,0.198
-44,38,-290,-34,-126,-35,-75,0.171
-60,37,-329,-40,-134,-37.2222,-75,0.171
-87,32,-309,-47,-134,-37.2222,-75,0.176
-112,29,-324,-35,-129,-35.8333,-75,0.176
115,25,-321,-41,-123,-34.1667,-75,0.176
93,22,-311,-43,-118,-32.7778,-75,0.176
74,19,-315,-41,-110,-30.5556,-75,0.176
45,16,-313,-45,-110,-30.5556,-75,0.384
28,14,-320,-40,-99,-27.5,-75,0.384
2,10,-311,-45,-99,-27.5,-75,0.356
-20,7,-322,-40,-90,-25,-75,0.341
-46,3,-312,-46,-85,-23.6111,-75,0.341
-75,0,-314,-38,-79,-21.9444,-75,0.333
-104,-4,-316,-46,-72,-20,-75,0.333
122,-8,-314,-38,-65,-18.0556,-67.9111,0.319
98,-11,-317,-39,-65,-18.0556,-67.9111,0.342
68,-15,-320,-40,-51,-14.1667,-54.6597,0.342
37,-19,-313,-45,-46,-12.7778,-50.126,0.256
13,-23,-313,-48,-46,-12.7778,-50.126,0.251
-22,-29,-318,-69,-38,-10.5556,-43.0236,0.251
-53,-38,-307,-86,-27,-7.5,-33.2604,0.508
-77,-43,-315,-90,-27,-7.5,-33.2604,0.508
-108,-53,-314,-93,-16,-4.44444,-22.3542,0.484
116,-66,-313,-160,-16,-4.44444,-22.3542,0.472
90,-79,-319,-155,-7,-1.94444,-11.254,0.472
62,-93,-314,-162,-7,-1.94444,-11.254,0.453
42,-105,-317,-195,-3,-0.833333,-5.20155,0.453
27,-113,-310,-204,0,0,0,0.431
-25,105,-318,-242,5,1.38889,8.35758,0.404
-49,87,-316,-251,6,1.66667,9.83532,0.404
-78,60,-314,-287,7,1.94444,11.254,0.386
-105,37,-295,-304,8,2.22222,12.6345,0.386
-122,10,-248,-310,9,2.5,13.99,0.354
104,-19,-238,-309,8,2.22222,12.6345,0.354
84,-46,-232,-316,8,2.22222,12.6345,0.333
73,-63,-238,-321,5,1.38889,8.35758,0.333
44,-99,-236,-311,2,0.555556,3.55942,0.312
27,-125,-247,-318,0,0,0,0.312
10,112,-255,-313,0,0,0,0.306
-15,83,-279,-319,-2,-0.555556,-3.55942,0.306
-44,51,-301,-319,-3,-0.833333,-5.20155,0.262
-64,31,-313,-317,-3,-0.833333,-5.20155,0.239
-102,-8,-320,-318,-2,-0.555556,-3.55942,0.239
126,-34,-318,-313,-2,-0.555556,-3.55942,0.207
102,-56,-318,-283,-2,-0.555556,-3.55942,0.207
83,-73,-306,-284,-2,-0.555556,-3.55942,0.176
44,-109,-316,-290,-1,-0.277778,-1.81818,0.176
28,126,-314,-283,0,0,0,0.172
1,102,-311,-282,1,0.277778,1.81818,0.176
-42,69,-319,-293,2,0.555556,3.55942,0.176
-74,40,-308,-298,3,0.833333,5.20155,0.107
-94,13,-288,-311,3,0.833333,5.20155,0.078
-122,-12,-285,-315,2,0.555556,3.55942,0.078
116,-33,-273,-313,2,0.555556,3.55942,0.054
96,-55,-277,-314,2,0.555556,3.55942,0.054
78,-75,-286,-314,1,0.277778,1.81818,0.039
56,-100,-289,-317,0,0,0,0.016
17,113,-286,-311,0,0,0,0.016
