timestamp,kontrol_mota,factor,pos_izq,pos_der,vel_izq,vel_der,yaw,distancia,delta_v,delta_v_aplicado,angular_cmd
1765525504368,nbs,1,0,0,0,0,0,1.16,0.196171,0.196171,0.0490427
1765525504372,nbs,1,0,0,0,0,0,1.16,0.196171,0.196171,0.0490427
1765525504419,nbs,1,0,0,0,0,0,1.16,0.196171,0.196171,0.0490427
1765525504464,nbs,1,0,0,-2,-2,0,1.16,-0.130723,-0.130723,-0.0326808
1765525504518,nbs,1,-4,-3,-88,-176,0,1.16,10.2191,10.2191,2.55477
1765525504574,nbs,1,-19,-18,-232,-251,0,1.158,3.00692,3.00692,0.751731
1765525504611,nbs,1,-29,-30,-264,-307,-2,1.158,5.27291,5.27291,1.31823
1765525504692,nbs,1,-41,-47,-277,-293,-2,1.145,1.27977,1.27977,0.319941
1765525504735,nbs,1,-61,-67,-262,-274,-2,1.145,0.850617,0.850617,0.212654
1765525504793,nbs,1,-77,-80,-253,-260,-2,1.127,-0.10813,-0.10813,-0.0270326
1765525504826,nbs,1,-85,-90,-246,-252,-2,1.127,0.508967,0.508967,0.127242
1765525504863,nbs,1,-96,-101,-249,-259,-2,1.127,2.51035,2.51035,0.627588
1765525504931,nbs,1,-108,-115,-256,-255,-2,1.111,3.45884,3.45884,0.86471
1765525504973,nbs,1,-122,-127,-250,-257,-2,1.111,6.60218,6.60218,1.65055
1765525505025,nbs,1,123,118,-253,-260,-2,1.081,-2.34578,-2.34578,-0.586446
1765525505088,nbs,1,105,98,-253,-264,-2,1.081,-0.392351,-0.392351,-0.0980877
1765525505138,nbs,1,95,88,-255,-266,-2,1.081,0.0642435,0.0642435,0.0160609
1765525505185,nbs,1,81,74,-256,-251,-2,1.066,-0.986958,-0.986958,-0.24674
1765525505243,nbs,1,68,62,-261,-259,-3,1.066,-1.29366,-1.29366,-0.323415
1765525505301,nbs,1,50,43,-259,-257,-3,1.052,-1.39425,-1.39425,-0.348562
1765525505361,nbs,1,39,32,-254,-253,-2,1.052,-0.789665,-0.789665,-0.197416
1765525505409,nbs,1,23,18,-265,-254,-2,1.044,-2.24052,-2.24052,-0.560131
1765525505509,nbs,1,6,-6,-263,-254,-3,1.044,-2.94092,-2.94092,-0.735231
1765525505627,nbs,1,-19,-35,-262,-254,-2,1.008,-2.27278,-2.27278,-0.568195
1765525505692,nbs,1,-46,-50,-262,-250,-2,1,-3.03306,-3.03306,-0.758265
1765525505745,nbs,1,-63,-66,-260,-250,-1,1,-1.85449,-1.85449,-0.463623
1765525505836,nbs,1,-79,-85,-259,-252,-1,0.984,-0.811171,-0.811171,-0.202793
1765525505894,nbs,1,-101,-104,-263,-254,-1,0.984,2.18907,2.18907,0.547267
1765525505958,nbs,1,-115,-118,-263,-250,-1,0.955,4.30137,4.30137,1.07534
1765525506009,nbs,1,121,121,-262,-253,0,0.955,-2.60559,-2.60559,-0.651398
1765525506091,nbs,1,108,106,-261,-257,0,0.947,-0.949992,-0.949992,-0.237498
1765525506138,nbs,1,87,86,-261,-254,0,0.947,-0.110013,-0.110013,-0.0275032
1765525506197,nbs,1,75,75,-257,-258,0,0.947,0.5951,0.5951,0.148775
1765525506279,nbs,1,61,58,-260,-251,0,0.923,-0.00168688,-0.00168688,-0.000421721
1765525506309,nbs,1,41,42,-261,-253,0,0.923,-0.241669,-0.241669,-0.0604171
1765525506409,nbs,1,31,32,-255,-256,1,0.902,1.3225,1.3225,0.330625
1765525506440,nbs,1,11,13,-265,-249,1,0.902,-1.0162,-1.0162,-0.25405
1765525506543,nbs,1,-4,-2,-265,-254,1,0.885,-0.705366,-0.705366,-0.176341
1765525506577,nbs,1,-28,-25,-260,-251,1,0.885,-0.69093,-0.69093,-0.172733
1765525506640,nbs,1,-38,-36,-266,-247,1,0.885,-2.11691,-2.11691,-0.529228
1765525506674,nbs,1,-54,-50,-267,-253,2,0.865,-0.516318,-0.516318,-0.12908
1765525506734,nbs,1,-67,-62,-261,-255,2,0.865,0.805344,0.805344,0.201336
1765525506813,nbs,1,-81,-78,-251,-263,1,0.853,2.56041,2.56041,0.640103
1765525506853,nbs,1,-98,-96,-216,-277,1,0.853,10.6484,10.6484,2.66209
1765525506914,nbs,1,-106,-106,-232,-279,-10,0.853,0.50116,0.50116,0.12529
1765525506967,nbs,1,-124,-125,-269,-264,-10,0.853,-1.93774,-1.93774,-0.484436
1765525507009,nbs,1,121,118,-296,-271,-15,0.853,-13.8744,-13.8744,-3.46861
1765525507078,nbs,1,105,104,-258,-249,-16,0.853,-12.9296,-12.9296,-3.23241
1765525507125,nbs,1,87,88,-251,-241,-16,0.853,-12.1079,-12.1079,-3.02697
1765525507186,nbs,1,75,78,-281,-208,-14,0.853,-17.0532,-17.0532,-4.2633
1765525507244,nbs,1,57,64,-293,-216,-13,0.853,-15.9178,-15.9178,-3.97945
1765525507317,nbs,1,43,51,-301,-219,-11,0.853,-15.3404,-15.3404,-3.8351
1765525507366,nbs,1,20,38,-302,-215,-10,0.78,-15.7075,-15.7075,-3.92686
1765525507412,nbs,1,6,28,-299,-217,-10,0.78,-15.8286,-15.8286,-3.95715
1765525507479,nbs,1,-10,15,-300,-217,-8,0.756,-15.3942,-15.3942,-3.84854
1765525507529,nbs,1,-29,3,-294,-218,-6,0.756,-13.8611,-13.8611,-3.46527
1765525507603,nbs,1,-43,-9,-291,-218,-4,0.756,-12.6892,-12.6892,-3.17231
1765525507655,nbs,1,-69,-27,-297,-222,-4,0.75,-13.3688,-13.3688,-3.3422
1765525507717,nbs,1,-81,-37,-292,-219,-3,0.75,-10.2506,-10.2506,-2.56264
1765525507769,nbs,1,-101,-52,-295,-218,-1,0.728,-5.01518,-5.01518,-1.25379
1765525507847,nbs,1,-115,-65,-287,-230,1,0.728,1.82846,1.82846,0.457115
1765525507910,nbs,1,118,-81,-278,-242,2,0.702,0.182477,0.182477,0.0456193
1765525507973,nbs,1,102,-95,-273,-244,3,0.702,1.70755,1.70755,0.426888
1765525508034,nbs,1,81,-115,-256,-255,3,0.681,4.92236,4.92236,1.23059
1765525508072,nbs,1,70,-126,-256,-261,3,0.681,5.67533,5.67533,1.41883
1765525508140,nbs,1,59,114,-244,-266,3,0.66,2.66105,2.66105,0.665262
1765525508189,nbs,1,45,103,-242,-274,3,0.66,3.30035,3.30035,0.825088
1765525508270,nbs,1,29,86,-247,-269,2,0.641,2.25139,2.25139,0.562849
1765525508313,nbs,1,11,66,-249,-268,2,0.641,2.21501,2.21501,0.553753
1765525508356,nbs,1,1,55,-255,-272,2,0.641,2.51673,2.51673,0.629184
1765525508425,nbs,1,-10,42,-250,-265,2,0.616,2.68459,2.68459,0.671148
1765525508460,nbs,1,-28,26,-252,-254,2,0.616,1.6461,1.6461,0.411526
1765525508547,nbs,1,-39,12,-251,-262,2,0.598,2.58251,2.58251,0.645628
1765525508591,nbs,1,-60,-8,-255,-264,2,0.598,2.26182,2.26182,0.565455
1765525508664,nbs,1,-72,-22,-255,-260,2,0.598,1.79149,1.79149,0.447873
1765525508701,nbs,1,-87,-36,-250,-263,2,0.573,3.77493,3.77493,0.943732
1765525508754,nbs,1,-97,-48,-249,-260,1,0.573,4.88365,4.88365,1.22091
1765525508820,nbs,1,-113,-62,-250,-257,1,0.561,7.44671,7.44671,1.86168
1765525508865,nbs,1,-127,-78,-250,-261,1,0.561,9.81451,9.81451,2.45363
1765525508920,nbs,1,117,-91,-243,-268,1,0.561,6.34425,6.34425,1.58606
1765525508973,nbs,1,101,-108,-240,-268,1,0.544,6.8439,6.8439,1.71097
1765525509054,nbs,1,91,-123,-259,-248,3,0.544,4.12802,4.12802,1.032
1765525509102,nbs,1,69,117,-274,-261,12,0.527,6.44785,6.44785,1.61196
1765525509168,nbs,1,55,103,-266,-268,22,0.527,13.6898,13.6898,3.42246
1765525509238,nbs,1,36,82,-245,-310,24,0.51,21.5515,21.5515,5.38788
1765525509310,nbs,1,23,65,-215,-290,23,0.51,22.9169,22.9169,5.72921
1765525509353,nbs,1,8,42,-185,-303,23,0.496,29.927,29.927,7.48175
1765525509402,nbs,1,2,32,-177,-313,21,0.496,30.3664,30.3664,7.59159
1765525509453,nbs,1,-9,14,-175,-316,21,0.483,31.0843,31.0843,7.77108
1765525509503,nbs,1,-17,-2,-170,-317,18,0.483,29.8,29.8,7.45001
1765525509572,nbs,1,-25,-19,-166,-320,15,0.498,28.6489,28.6489,7.16224
1765525509621,nbs,1,-37,-42,-164,-316,12,0.498,26.721,26.721,6.68026
1765525509696,nbs,1,-44,-54,-165,-317,12,0.498,26.91,26.91,6.7275
1765525509735,nbs,1,-58,-80,-171,-313,10,0.559,24.6751,24.6751,6.16878
1765525509787,nbs,1,-63,-92,-172,-321,6,0.559,22.6108,22.6108,5.6527
1765525509834,nbs,1,-74,-109,-178,-314,6,0.42,20.9396,20.9396,5.23491
1765525509880,nbs,1,-83,-125,-188,-315,3,0.42,17.3798,17.3798,4.34494
1765525509946,nbs,1,-90,120,-191,-314,1,0.42,27.9088,27.9088,6.97719
1765525509986,nbs,1,-103,100,-204,-310,1,0.401,25.7539,25.7539,6.43848
1765525510039,nbs,1,-112,86,-207,-313,-2,0.401,23.7364,23.7364,5.93409
1765525510088,nbs,1,-123,69,-181,-312,-2,0.385,26.0326,26.0326,6.50814
1765525510144,nbs,1,124,52,-180,-310,-4,0.385,12.8681,12.8681,3.21702
1765525510215,nbs,1,115,37,-181,-310,-6,0.364,11.2277,11.2277,2.80693
1765525510253,nbs,1,102,15,-193,-312,-8,0.364,8.49086,8.49086,2.12271
1765525510331,nbs,1,94,1,-211,-294,-11,0.364,3.56069,3.56069,0.890171
1765525510365,nbs,1,77,-19,-236,-282,-11,0.345,-0.368348,-0.368348,-0.092087
1765525510412,nbs,1,68,-29,-240,-274,-14,0.345,-3.886,-3.886,-0.9715
1765525510507,nbs,1,54,-47,-248,-265,-15,0.329,-6.58621,-6.58621,-1.64655
1765525510564,nbs,1,33,-66,-265,-254,-15,0.329,-9.61673,-9.61673,-2.40418
1765525510645,nbs,1,17,-82,-264,-251,-15,0.326,-9.73586,-9.73586,-2.43397
1765525510696,nbs,1,-4,-102,-269,-255,-15,0.326,-10.0203,-10.0203,-2.50509
1765525510775,nbs,1,-22,-118,-270,-243,-15,0.32,-12.2705,-12.2705,-3.06762
1765525510861,nbs,1,-41,121,-281,-242,-14,0.32,-9.59228,-9.59228,-2.39807
1765525510938,nbs,1,-64,102,-292,-231,-13,0.296,-12.4172,-12.4172,-3.10429
1765525511011,nbs,1,-83,86,-287,-227,-12,0.296,-11.5114,-11.5114,-2.87786
1765525511063,nbs,1,-105,68,-289,-221,-10,0.255,-8.09677,-8.09677,-2.02419
1765525511139,nbs,1,-125,54,-282,-225,-9,0.255,-0.909642,-0.909642,-0.227411
1765525511186,nbs,1,112,39,-283,-230,-9,0.237,-9.98564,-9.98564,-2.49641
1765525511272,nbs,1,99,28,-275,-244,-7,0.237,-6.2806,-6.2806,-1.57015
1765525511322,nbs,1,75,7,-275,-241,-7,0.219,-7.05248,-7.05248,-1.76312
1765525511379,nbs,1,61,-6,-272,-245,-6,0.219,-5.79731,-5.79731,-1.44933
1765525511474,nbs,1,44,-21,-273,-242,-5,0.199,-5.88627,-5.88627,-1.47157
1765525511515,nbs,1,29,-35,-268,-242,-5,0.199,-5.40477,-5.40477,-1.35119
1765525511567,nbs,1,9,-54,-271,-239,-5,0.184,-5.96698,-5.96698,-1.49175
1765525511642,nbs,1,-7,-66,-275,-241,-4,0.184,-5.8495,-5.8495,-1.46238
1765525511701,nbs,1,-25,-83,-275,-242,-3,0.166,-5.39999,-5.39999,-1.35
1765525511735,nbs,1,-39,-95,-270,-238,-3,0.166,-5.18196,-5.18196,-1.29549
1765525511815,nbs,1,-58,-114,-276,-245,-2,0.138,-4.11038,-4.11038,-1.0276
1765525511863,nbs,1,-71,-124,-274,-242,-2,0.138,-3.92004,-3.92004,-0.980011
1765525511964,nbs,1,-86,117,-271,-241,-1,0.13,0.650479,0.650479,0.16262
1765525511964,nbs,1,-100,107,-274,-239,-1,0.13,1.57688,1.57688,0.394221
1765525512020,nbs,1,-113,94,-267,-246,0,0.13,7.39119,7.39119,1.8478
1765525512093,nbs,1,125,77,-259,-256,0,0.112,1.74566,1.74566,0.436415
1765525512161,nbs,1,109,60,-248,-262,0,0.112,3.62632,3.62632,0.90658
1765525512218,nbs,1,92,44,-251,-261,0,0.109,2.98965,2.98965,0.747413
1765525512292,nbs,1,78,29,-255,-267,0,0.109,3.03744,3.03744,0.759359
1765525512344,nbs,1,60,10,-249,-264,0,0.067,3.1149,3.1149,0.778724
1765525512394,nbs,1,45,-5,-250,-261,0,0.067,2.38994,2.38994,0.597486
1765525512499,nbs,1,26,-30,-244,-256,0,0.04,2.21166,2.21166,0.552914
1765525512563,nbs,1,9,-43,-250,-263,0,0.04,2.45313,2.45313,0.613283
1765525512621,nbs,1,-8,-62,-254,-262,0,0.03,2.61335,2.61335,0.653338
1765525512679,nbs,1,-20,-74,-255,-267,-1,0.03,2.89747,2.89747,0.724368
1765525512736,nbs,1,-39,-92,-258,-236,0,0.028,-1.46286,-1.46286,-0.365714
1765525512828,nbs,1,-51,-105,-212,-277,2,0.028,11.0439,11.0439,2.76099
1765525512866,nbs,1,-63,-119,-211,-231,1,0.028,3.43511,3.43511,0.858778
1765525512918,nbs,1,-82,121,-254,-234,1,0.028,3.42705,3.42705,0.856763
1765525512960,nbs,1,-91,110,-248,-270,1,0.028,11.2291,11.2291,2.80726
1765525513002,nbs,1,-104,97,-244,-252,1,0.028,10.4495,10.4495,2.61237
1765525513041,nbs,1,-113,88,-246,-275,1,0.028,14.6925,14.6925,3.67312
1765525513083,nbs,1,-123,76,-240,-283,1,0.028,18.978,18.978,4.7445
1765525513131,nbs,1,121,60,-246,-298,1,0.028,7.63319,7.63319,1.9083
1765525513182,nbs,1,113,50,-234,-305,1,0.028,9.22898,9.22898,2.30725
1765525513260,nbs,1,99,24,-212,-291,1,0.028,10.4995,10.4995,2.62488
1765525513307,nbs,1,83,12,-228,-278,1,0.028,8.20129,8.20129,2.05032
1765525513348,nbs,1,71,-2,-230,-282,1,0.028,8.2768,8.2768,2.0692
1765525513409,nbs,1,57,-18,-236,-286,1,0.028,7.87039,7.87039,1.9676
1765525513477,nbs,1,47,-31,-215,-270,1,0.028,8.50047,8.50047,2.12512
1765525513524,nbs,1,31,-52,-230,-277,1,0.028,7.85017,7.85017,1.96254
1765525513583,nbs,1,21,-65,-232,-284,1,0.028,9.00846,9.00846,2.25211
1765525513667,nbs,1,9,-82,-236,-279,1,0.028,8.43647,8.43647,2.10912
1765525513706,nbs,1,-9,-99,-239,-276,1,0.028,8.12445,8.12445,2.03111
1765525513766,nbs,1,-24,-117,-252,-290,1,0.028,8.18211,8.18211,2.04553
1765525513820,nbs,1,-36,126,-242,-269,1,0.028,9.30329,9.30329,2.32582
1765525513869,nbs,1,-47,112,-230,-280,1,0.028,12.8901,12.8901,3.22254
1765525513923,nbs,1,-58,100,-229,-291,1,0.028,14.6642,14.6642,3.66604
1765525513989,nbs,1,-75,79,-241,-277,1,0.028,12.002,12.002,3.00051
1765525514047,nbs,1,-89,60,-205,-298,1,0.028,19.602,19.602,4.9005
1765525514095,nbs,1,-98,47,-196,-293,1,0.028,20.1069,20.1069,5.02672
1765525514137,nbs,1,-109,32,-221,-297,1,0.028,17.485,17.485,4.37124
1765525514197,nbs,1,-120,16,-227,-315,1,0.028,18.5907,18.5907,4.64768
1765525514267,nbs,1,125,-1,-205,-305,1,0.028,14.927,14.927,3.73175
1765525514309,nbs,1,109,-20,-202,-299,1,0.028,14.1331,14.1331,3.53327
1765525514381,nbs,1,98,-39,-219,-305,1,0.028,12.7695,12.7695,3.19239
